,ADMIN,date,tweets_num,score
0,Afghanistan,2022-07-31,1,0.607378
1,Algeria,2017-02-28,1,0.736419
2,Algeria,2021-05-31,1,0.754075
3,Angola,2023-01-31,1,0.628415
4,Antarctica,2018-11-30,6,0.7923736666666666
5,Antarctica,2018-12-31,4,0.7859119999999999
6,Antarctica,2019-01-31,9,0.8187417777777779
7,Antarctica,2019-02-28,3,0.84536
8,Antarctica,2019-09-30,1,0.865394
9,Antarctica,2019-10-31,5,0.8089234
10,Antarctica,2019-11-30,4,0.8623395
11,Antarctica,2019-12-31,4,0.80625275
12,Antarctica,2020-01-31,3,0.9067026666666665
13,Antarctica,2020-02-29,3,0.8334036666666668
14,Antarctica,2020-03-31,4,0.865872
15,Antarctica,2020-04-30,4,0.784386
16,Antarctica,2020-05-31,2,0.8301784999999999
17,Antarctica,2020-07-31,1,0.741849
18,Argentina,2015-03-31,5,0.6242882
19,Argentina,2019-01-31,4,0.7066675
20,Argentina,2019-05-31,3,0.78954
21,Argentina,2019-09-30,1,0.557597
22,Argentina,2020-04-30,1,0.432163
23,Argentina,2020-12-31,1,0.706054
24,Argentina,2021-05-31,3,0.505108
25,Argentina,2021-10-31,1,0.590176
26,Argentina,2021-11-30,2,0.784243
27,Argentina,2021-12-31,2,0.539283
28,Argentina,2022-02-28,2,0.42643200000000003
29,Argentina,2022-03-31,1,0.783771
30,Argentina,2022-05-31,1,0.759371
31,Argentina,2022-07-31,1,0.557176
32,Argentina,2022-09-30,2,0.6257845
33,Argentina,2022-11-30,2,0.7105755
34,Argentina,2023-02-28,5,0.6454954
35,Argentina,2023-03-31,16,0.553795125
36,Argentina,2023-04-30,1,0.680546
37,Australia,2018-02-28,1,0.886844
38,Australia,2018-07-31,2,0.38171849999999996
39,Australia,2018-08-31,6,0.7432113333333333
40,Australia,2018-09-30,1,0.974587
41,Australia,2018-10-31,1,0.641349
42,Australia,2019-01-31,4,0.49214
43,Australia,2019-02-28,1,0.466688
44,Australia,2019-05-31,1,0.741035
45,Australia,2019-07-31,1,0.588376
46,Australia,2019-09-30,1,0.498713
47,Australia,2019-12-31,1,0.786218
48,Australia,2021-03-31,4,0.6537925
49,Australia,2022-01-31,1,0.362504
50,Australia,2022-02-28,3,0.7222536666666667
51,Australia,2022-03-31,2,0.8198045
52,Australia,2022-04-30,1,0.849731
53,Australia,2022-05-31,2,0.5105815
54,Australia,2022-06-30,5,0.684692
55,Australia,2022-07-31,1,0.945246
56,Australia,2022-08-31,2,0.7523420000000001
57,Australia,2022-09-30,1,0.68148
58,Australia,2022-11-30,28,0.4575498214285715
59,Australia,2022-12-31,13,0.6662466153846154
60,Australia,2023-01-31,1,0.842167
61,Australia,2023-02-28,1,0.904905
62,Australia,2023-03-31,11,0.42564827272727274
63,Austria,2022-05-31,1,0.456357
64,Austria,2023-01-31,1,0.850105
65,Azerbaijan,2020-11-30,1,0.934336
66,Azerbaijan,2021-11-30,1,0.56176
67,Bangladesh,2020-02-29,1,0.938766
68,Bangladesh,2021-03-31,3,0.894513
69,Bangladesh,2021-05-31,1,0.838076
70,Bangladesh,2021-07-31,1,0.71946
71,Bangladesh,2021-11-30,1,0.884959
72,Bangladesh,2022-04-30,1,0.90016
73,Bangladesh,2022-05-31,1,0.827057
74,Bangladesh,2022-08-31,2,0.914714
75,Bangladesh,2022-11-30,1,0.967517
76,Bangladesh,2023-01-31,1,0.577153
77,Bangladesh,2023-02-28,5,0.8703924000000001
78,Bangladesh,2023-03-31,25,0.87777196
79,Bangladesh,2023-05-31,1,0.944911
80,Belgium,2014-03-31,1,0.67181
81,Belgium,2020-04-30,1,0.328415
82,Belgium,2021-03-31,1,0.840257
83,Belgium,2021-04-30,1,0.740279
84,Belgium,2022-10-31,1,0.640411
85,Belgium,2023-01-31,1,0.552667
86,Belgium,2023-05-31,3,0.6525003333333333
87,Belize,2018-12-31,1,0.644855
88,Bolivia,2022-04-30,2,0.4764315
89,Bolivia,2022-11-30,1,0.666608
90,Bosnia and Herzegovina,2019-01-31,1,0.636238
91,Bosnia and Herzegovina,2023-03-31,1,0.611296
92,Botswana,2021-12-31,1,0.786305
93,Brazil,2013-09-30,1,0.934917
94,Brazil,2013-10-31,1,0.791821
95,Brazil,2014-11-30,1,0.635196
96,Brazil,2014-12-31,2,0.746592
97,Brazil,2015-04-30,1,0.456366
98,Brazil,2015-07-31,1,0.607802
99,Brazil,2016-05-31,1,0.938559
100,Brazil,2017-07-31,1,0.666601
101,Brazil,2018-06-30,2,0.7614289999999999
102,Brazil,2018-07-31,1,0.837566
103,Brazil,2019-01-31,1,0.861319
104,Brazil,2019-03-31,1,0.731465
105,Brazil,2019-05-31,1,0.629265
106,Brazil,2019-06-30,1,0.827909
107,Brazil,2019-07-31,1,0.504568
108,Brazil,2019-08-31,1,0.747851
109,Brazil,2019-09-30,2,0.742403
110,Brazil,2020-01-31,3,0.6476733333333334
111,Brazil,2020-09-30,1,0.720527
112,Brazil,2020-11-30,2,0.795568
113,Brazil,2021-01-31,2,0.7738510000000001
114,Brazil,2021-05-31,1,0.357319
115,Brazil,2021-07-31,1,0.657133
116,Brazil,2022-03-31,1,0.792798
117,Brazil,2022-04-30,2,0.366306
118,Brazil,2022-06-30,7,0.6659601428571429
119,Brazil,2022-09-30,1,0.845886
120,Brazil,2022-10-31,4,0.72019225
121,Brazil,2022-11-30,6,0.7786983333333333
122,Brazil,2022-12-31,8,0.7711567500000001
123,Brazil,2023-03-31,13,0.8196339230769231
124,Brunei,2020-11-30,1,0.320025
125,Brunei,2020-12-31,1,0.472652
126,Cambodia,2022-05-31,1,0.236705
127,Cameroon,2022-05-31,23,0.6361899130434783
128,Canada,2014-10-31,1,0.440838
129,Canada,2015-01-31,2,0.39774200000000004
130,Canada,2015-03-31,1,0.775335
131,Canada,2015-07-31,1,0.735315
132,Canada,2018-09-30,2,0.763441
133,Canada,2019-07-31,2,0.5695060000000001
134,Canada,2020-02-29,2,0.6995015
135,Canada,2020-08-31,1,0.549703
136,Canada,2020-09-30,1,0.561137
137,Canada,2020-12-31,1,0.90451
138,Canada,2021-01-31,2,0.7342599999999999
139,Canada,2021-02-28,2,0.491456
140,Canada,2021-03-31,1,0.748365
141,Canada,2021-04-30,2,0.826038
142,Canada,2021-06-30,2,0.3884455
143,Canada,2021-07-31,1,0.96192
144,Canada,2021-08-31,1,0.895973
145,Canada,2021-09-30,1,0.816885
146,Canada,2021-10-31,2,0.685724
147,Canada,2021-11-30,2,0.3988395
148,Canada,2021-12-31,1,0.713217
149,Canada,2022-01-31,3,0.610355
150,Canada,2022-02-28,1,0.790484
151,Canada,2022-03-31,1,0.614701
152,Canada,2022-05-31,1,0.482315
153,Canada,2022-09-30,1,0.751668
154,Canada,2022-10-31,11,0.7487980909090909
155,Canada,2022-11-30,1,0.646772
156,Canada,2022-12-31,5,0.6789358
157,Canada,2023-01-31,4,0.6730915
158,Canada,2023-02-28,2,0.303896
159,Canada,2023-03-31,6,0.6094149999999999
160,Chile,2013-02-28,1,0.717941
161,Chile,2013-04-30,1,0.753485
162,Chile,2013-06-30,1,0.685946
163,Chile,2014-10-31,4,0.36672725
164,Chile,2015-03-31,2,0.34001950000000003
165,Chile,2015-04-30,6,0.6345411666666667
166,Chile,2018-05-31,1,0.611123
167,Chile,2019-11-30,2,0.659509
168,Chile,2019-12-31,1,0.556856
169,Chile,2020-04-30,1,0.277431
170,Chile,2020-09-30,5,0.9388154
171,Chile,2020-11-30,1,0.800335
172,Chile,2021-05-31,3,0.647076
173,Chile,2021-07-31,2,0.536312
174,Chile,2021-08-31,2,0.5566150000000001
175,Chile,2021-11-30,2,0.8353755
176,Chile,2022-08-31,7,0.377789
177,Chile,2022-09-30,1,0.823588
178,Chile,2022-11-30,1,0.131462
179,Chile,2023-01-31,1,0.879292
180,Chile,2023-02-28,3,0.622921
181,China,2019-08-31,1,0.436595
182,China,2020-03-31,1,0.871281
183,China,2020-11-30,2,0.7586090000000001
184,China,2020-12-31,2,0.797064
185,China,2022-02-28,1,0.771885
186,China,2022-07-31,1,0.49841
187,China,2022-09-30,1,0.7599
188,China,2023-03-31,9,0.6593038888888889
189,China,2023-04-30,2,0.827846
190,China,2023-05-31,1,0.693151
191,China,2023-06-30,1,0.148151
192,Colombia,2013-02-28,1,0.709282
193,Colombia,2014-11-30,1,0.710625
194,Colombia,2014-12-31,1,0.935878
195,Colombia,2015-03-31,1,0.572092
196,Colombia,2017-06-30,1,0.617969
197,Colombia,2017-08-31,1,0.360354
198,Colombia,2018-03-31,1,0.719266
199,Colombia,2018-04-30,1,0.608418
200,Colombia,2018-09-30,21,0.6652498571428571
201,Colombia,2018-10-31,16,0.6908165625
202,Colombia,2018-11-30,8,0.643612125
203,Colombia,2018-12-31,38,0.6253912894736843
204,Colombia,2019-01-31,58,0.6465077586206897
205,Colombia,2019-02-28,32,0.69373721875
206,Colombia,2019-03-31,17,0.8101846470588235
207,Colombia,2019-04-30,10,0.7954144999999999
208,Colombia,2019-05-31,19,0.6790535263157895
209,Colombia,2019-06-30,3,0.6478243333333333
210,Colombia,2019-07-31,3,0.4625073333333333
211,Colombia,2019-08-31,4,0.66129225
212,Colombia,2019-09-30,2,0.42058850000000003
213,Colombia,2019-10-31,3,0.4184923333333333
214,Colombia,2019-11-30,3,0.5666206666666667
215,Colombia,2019-12-31,1,0.248266
216,Colombia,2020-01-31,1,0.558802
217,Colombia,2020-03-31,8,0.4597685
218,Colombia,2020-06-30,3,0.4958566666666666
219,Colombia,2020-09-30,2,0.575221
220,Colombia,2020-12-31,1,0.390752
221,Colombia,2021-01-31,3,0.7134566666666666
222,Colombia,2021-02-28,3,0.5867490000000001
223,Colombia,2021-03-31,6,0.5346321666666667
224,Colombia,2021-06-30,1,0.814292
225,Colombia,2021-07-31,1,0.786489
226,Colombia,2021-08-31,1,0.792319
227,Colombia,2022-01-31,1,0.616335
228,Colombia,2022-03-31,1,0.564481
229,Colombia,2022-05-31,1,0.721371
230,Colombia,2022-06-30,3,0.81031
231,Colombia,2022-07-31,3,0.4748493333333334
232,Colombia,2022-08-31,2,0.5962445000000001
233,Colombia,2022-09-30,1,0.719965
234,Colombia,2022-10-31,8,0.52910675
235,Colombia,2023-02-28,1,0.713774
236,Colombia,2023-03-31,2,0.621643
237,Colombia,2023-04-30,1,0.462013
238,Costa Rica,2023-01-31,1,0.723336
239,Costa Rica,2023-02-28,1,0.723336
240,Croatia,2017-02-28,8,0.5231055
241,Croatia,2017-03-31,9,0.35334722222222226
242,Croatia,2017-04-30,6,0.38324583333333334
243,Cuba,2022-05-31,1,0.877786
244,Cyprus No Mans Area,2020-03-31,1,0.282654
245,Cyprus No Mans Area,2021-12-31,1,0.544911
246,Cyprus No Mans Area,2022-03-31,1,0.54929
247,Cyprus No Mans Area,2023-03-31,1,0.743776
248,Czech Republic,2020-03-31,1,0.706006
249,Czech Republic,2021-04-30,1,0.687626
250,Czech Republic,2022-02-28,1,0.172263
251,Czech Republic,2023-03-31,3,0.6597166666666667
252,Denmark,2020-12-31,1,0.765693
253,Denmark,2023-03-31,1,0.577157
254,Dominican Republic,2018-07-31,1,0.767168
255,Dominican Republic,2020-02-29,1,0.907216
256,Dominican Republic,2021-04-30,2,0.8307344999999999
257,Ecuador,2020-04-30,1,0.647942
258,Ecuador,2021-10-31,1,0.755349
259,Ecuador,2021-11-30,5,0.705708
260,Ecuador,2021-12-31,3,0.6442443333333333
261,Ecuador,2023-03-31,2,0.791251
262,Egypt,2018-08-31,2,0.6820505
263,Egypt,2018-09-30,6,0.7719743333333332
264,Egypt,2020-11-30,1,0.800463
265,Egypt,2021-03-31,1,0.523367
266,El Salvador,2021-12-31,1,0.536546
267,El Salvador,2022-01-31,1,0.536385
268,El Salvador,2022-11-30,1,0.468253
269,Estonia,2019-04-30,1,0.578451
270,Estonia,2023-03-31,1,0.379865
271,Ethiopia,2022-06-30,1,0.899437
272,Finland,2022-07-31,1,0.457615
273,Finland,2023-03-31,1,0.862982
274,France,2014-10-31,1,0.43109
275,France,2014-11-30,1,0.626377
276,France,2015-12-31,1,0.760468
277,France,2018-12-31,1,0.485578
278,France,2019-01-31,2,0.432895
279,France,2019-06-30,1,0.635972
280,France,2019-08-31,1,0.440846
281,France,2019-10-31,1,0.671337
282,France,2020-01-31,1,0.802282
283,France,2020-03-31,1,0.775422
284,France,2020-05-31,2,0.219753
285,France,2020-09-30,1,0.768779
286,France,2020-12-31,2,0.608244
287,France,2021-03-31,1,0.894266
288,France,2022-02-28,2,0.8121365
289,France,2022-04-30,1,0.762635
290,France,2022-05-31,1,0.75075
291,France,2022-07-31,1,0.648464
292,France,2022-08-31,1,0.044153
293,France,2022-09-30,7,0.8981748571428572
294,France,2022-10-31,1,0.957065
295,France,2022-11-30,2,0.2017195
296,France,2022-12-31,1,0.388916
297,France,2023-02-28,2,0.817713
298,France,2023-03-31,8,0.44661487499999997
299,Germany,2013-06-30,1,0.561599
300,Germany,2015-02-28,1,0.887397
301,Germany,2017-04-30,1,0.663933
302,Germany,2017-05-31,2,0.622277
303,Germany,2017-06-30,1,0.653491
304,Germany,2017-07-31,1,0.650323
305,Germany,2017-08-31,1,0.59813
306,Germany,2017-09-30,1,0.646429
307,Germany,2017-10-31,1,0.646424
308,Germany,2018-01-31,1,0.651818
309,Germany,2018-03-31,1,0.680816
310,Germany,2018-04-30,1,0.634408
311,Germany,2018-08-31,1,0.824911
312,Germany,2018-09-30,2,0.290927
313,Germany,2019-03-31,3,0.5181303333333334
314,Germany,2019-04-30,1,0.605656
315,Germany,2019-07-31,2,0.41903250000000003
316,Germany,2019-12-31,2,0.4621655
317,Germany,2021-02-28,1,0.800435
318,Germany,2021-04-30,2,0.5382295
319,Germany,2021-06-30,2,0.6285689999999999
320,Germany,2021-09-30,2,0.8433125
321,Germany,2021-10-31,1,0.780498
322,Germany,2021-11-30,1,0.461263
323,Germany,2021-12-31,1,0.658023
324,Germany,2022-01-31,2,0.6317010000000001
325,Germany,2022-02-28,1,0.9498
326,Germany,2022-04-30,2,0.8212695
327,Germany,2022-05-31,1,0.604048
328,Germany,2022-06-30,1,0.642673
329,Germany,2022-07-31,1,0.761388
330,Germany,2022-10-31,1,0.957065
331,Germany,2022-11-30,6,0.9207420000000001
332,Germany,2022-12-31,6,0.744856
333,Germany,2023-02-28,3,0.467332
334,Germany,2023-03-31,14,0.6851444999999999
335,Germany,2023-04-30,2,0.8094110000000001
336,Germany,2023-06-30,1,0.797563
337,Ghana,2015-01-31,1,0.975615
338,Ghana,2022-10-31,1,0.215951
339,Ghana,2023-02-28,5,0.643886
340,Ghana,2023-06-30,15,0.7344519333333334
341,Gibraltar,2022-04-30,8,0.773662125
342,Gibraltar,2022-05-31,8,0.841357625
343,Gibraltar,2022-09-30,2,0.954254
344,Greece,2022-02-28,1,0.808852
345,Greece,2022-10-31,4,0.5122055
346,Guam,2023-01-31,7,0.40846299999999996
347,Haiti,2022-01-31,1,0.597289
348,Hong Kong S.A.R.,2022-06-30,1,0.506009
349,Hong Kong S.A.R.,2022-12-31,3,0.7227026666666667
350,Hungary,2018-12-31,1,0.97119
351,Hungary,2022-11-30,1,0.731845
352,India,2013-11-30,1,0.711913
353,India,2018-09-30,1,0.874532
354,India,2019-01-31,2,0.474237
355,India,2019-04-30,1,0.890263
356,India,2019-05-31,3,0.6403573333333333
357,India,2020-02-29,5,0.6962528000000001
358,India,2020-03-31,2,0.707496
359,India,2020-04-30,1,0.844123
360,India,2020-05-31,5,0.34774720000000003
361,India,2020-06-30,1,0.571397
362,India,2020-07-31,1,0.506789
363,India,2020-09-30,3,0.39594799999999997
364,India,2020-11-30,2,0.6015455
365,India,2020-12-31,4,0.603222
366,India,2021-02-28,1,0.915686
367,India,2021-03-31,12,0.7931604999999999
368,India,2021-04-30,6,0.7713635
369,India,2021-05-31,9,0.8010538888888888
370,India,2021-06-30,27,0.7891084814814815
371,India,2021-07-31,10,0.8046875
372,India,2021-09-30,5,0.7084218
373,India,2021-10-31,2,0.6472305
374,India,2021-11-30,8,0.80490525
375,India,2021-12-31,2,0.795235
376,India,2022-01-31,6,0.6246405
377,India,2022-02-28,12,0.7326189166666667
378,India,2022-03-31,2,0.6650134999999999
379,India,2022-04-30,4,0.7782767500000001
380,India,2022-05-31,11,0.6553167272727273
381,India,2022-06-30,12,0.6790914166666666
382,India,2022-07-31,18,0.646552888888889
383,India,2022-08-31,12,0.6056075
384,India,2022-09-30,24,0.6355895
385,India,2022-10-31,16,0.7065823125
386,India,2022-11-30,43,0.6576074418604652
387,India,2022-12-31,20,0.75481135
388,India,2023-01-31,13,0.789073
389,India,2023-02-28,22,0.5406910909090908
390,India,2023-03-31,65,0.5189896307692307
391,India,2023-04-30,7,0.5462271428571429
392,India,2023-05-31,6,0.7261725
393,India,2023-06-30,3,0.779295
394,Indonesia,2013-10-31,1,0.689961
395,Indonesia,2013-11-30,1,0.631451
396,Indonesia,2013-12-31,2,0.6697445
397,Indonesia,2014-01-31,4,0.720085
398,Indonesia,2014-02-28,5,0.5480858
399,Indonesia,2014-03-31,6,0.6399691666666666
400,Indonesia,2014-04-30,2,0.7346305
401,Indonesia,2014-10-31,6,0.7263733333333334
402,Indonesia,2014-12-31,4,0.63380625
403,Indonesia,2015-01-31,3,0.724892
404,Indonesia,2015-02-28,2,0.7166295
405,Indonesia,2015-03-31,1,0.707252
406,Indonesia,2015-04-30,2,0.7773224999999999
407,Indonesia,2015-06-30,4,0.70351875
408,Indonesia,2015-08-31,4,0.715392
409,Indonesia,2015-11-30,3,0.8391713333333334
410,Indonesia,2015-12-31,6,0.693601
411,Indonesia,2016-01-31,1,0.600753
412,Indonesia,2016-02-29,2,0.570333
413,Indonesia,2016-04-30,1,0.760704
414,Indonesia,2016-05-31,3,0.5865853333333333
415,Indonesia,2016-07-31,1,0.725642
416,Indonesia,2016-08-31,1,0.905779
417,Indonesia,2016-10-31,2,0.550468
418,Indonesia,2017-01-31,1,0.651391
419,Indonesia,2017-05-31,1,0.747207
420,Indonesia,2017-06-30,1,0.819091
421,Indonesia,2018-07-31,2,0.6767225
422,Indonesia,2018-08-31,3,0.5133746666666666
423,Indonesia,2018-09-30,7,0.5949715714285714
424,Indonesia,2018-10-31,1,0.628634
425,Indonesia,2018-12-31,2,0.611861
426,Indonesia,2019-07-31,2,0.7225885
427,Indonesia,2019-08-31,1,0.68413
428,Indonesia,2019-11-30,2,0.6022795000000001
429,Indonesia,2020-02-29,1,0.938775
430,Indonesia,2020-03-31,2,0.706006
431,Indonesia,2020-04-30,1,0.918184
432,Indonesia,2020-05-31,2,0.8563895
433,Indonesia,2020-06-30,12,0.8655101666666667
434,Indonesia,2020-07-31,1,0.691733
435,Indonesia,2020-09-30,1,0.561801
436,Indonesia,2021-02-28,1,0.51599
437,Indonesia,2021-03-31,1,0.679668
438,Indonesia,2021-04-30,2,0.919963
439,Indonesia,2021-05-31,1,0.915378
440,Indonesia,2021-06-30,2,0.8313225
441,Indonesia,2021-07-31,3,0.7562686666666667
442,Indonesia,2021-08-31,2,0.8445419999999999
443,Indonesia,2021-09-30,1,0.586203
444,Indonesia,2021-10-31,1,0.711119
445,Indonesia,2021-11-30,23,0.7344889130434783
446,Indonesia,2021-12-31,8,0.694773125
447,Indonesia,2022-01-31,2,0.9257325000000001
448,Indonesia,2022-02-28,1,0.79165
449,Indonesia,2022-04-30,1,0.565442
450,Indonesia,2022-05-31,4,0.72697275
451,Indonesia,2022-07-31,4,0.6960325
452,Indonesia,2022-10-31,1,0.666815
453,Indonesia,2022-11-30,1,0.82607
454,Indonesia,2022-12-31,17,0.7340709411764705
455,Indonesia,2023-01-31,1,0.89869
456,Indonesia,2023-02-28,2,0.7964365
457,Indonesia,2023-03-31,3,0.7594156666666666
458,Iran,2021-06-30,2,0.639605
459,Iran,2021-12-31,2,0.4965975
460,Iran,2022-02-28,2,0.7837400000000001
461,Iran,2022-03-31,2,0.6113770000000001
462,Iran,2022-04-30,2,0.794713
463,Iran,2022-05-31,1,0.731092
464,Iraq,2022-10-31,1,0.553251
465,Iraq,2022-11-30,1,0.105717
466,Iraq,2022-12-31,1,0.846288
467,Ireland,2017-08-31,3,0.40706366666666666
468,Ireland,2019-01-31,6,0.5792321666666667
469,Ireland,2019-02-28,5,0.45846219999999993
470,Ireland,2019-03-31,1,0.589016
471,Ireland,2022-11-30,1,0.559597
472,Ireland,2022-12-31,5,0.7081922
473,Ireland,2023-02-28,1,0.602239
474,Ireland,2023-03-31,2,0.390177
475,Israel,2021-04-30,1,0.95847
476,Israel,2021-06-30,1,0.661878
477,Israel,2022-11-30,1,0.631515
478,Israel,2023-03-31,2,0.6730705
479,Italy,2013-05-31,1,0.691376
480,Italy,2015-01-31,1,0.385563
481,Italy,2015-02-28,1,0.53324
482,Italy,2017-02-28,2,0.587719
483,Italy,2017-09-30,1,0.690472
484,Italy,2018-09-30,5,0.659528
485,Italy,2018-10-31,2,0.2974105
486,Italy,2019-01-31,2,0.4044675
487,Italy,2020-02-29,1,0.93878
488,Italy,2021-01-31,1,0.814548
489,Italy,2021-07-31,2,0.7526109999999999
490,Italy,2022-01-31,2,0.3769985
491,Italy,2022-02-28,2,0.747091
492,Italy,2022-03-31,1,0.757545
493,Italy,2022-07-31,1,0.687591
494,Italy,2022-09-30,1,0.762231
495,Italy,2022-10-31,9,0.809513
496,Italy,2023-03-31,2,0.6178575
497,Ivory Coast,2022-03-31,1,0.804103
498,Jamaica,2018-08-31,1,0.815677
499,Jamaica,2022-07-31,1,0.20268
500,Japan,2014-10-31,1,0.89904
501,Japan,2016-07-31,1,0.890622
502,Japan,2017-08-31,1,0.893707
503,Japan,2018-11-30,1,0.715581
504,Japan,2019-01-31,1,0.835449
505,Japan,2019-02-28,1,0.344558
506,Japan,2019-03-31,2,0.3764215
507,Japan,2019-05-31,1,0.271881
508,Japan,2019-07-31,1,0.874421
509,Japan,2019-08-31,1,0.276863
510,Japan,2019-09-30,5,0.5765779999999999
511,Japan,2019-10-31,2,0.7424355
512,Japan,2019-11-30,3,0.4823906666666667
513,Japan,2020-05-31,1,0.762285
514,Japan,2020-08-31,2,0.7066085
515,Japan,2020-09-30,3,0.6496613333333333
516,Japan,2020-10-31,1,0.464094
517,Japan,2020-11-30,2,0.6214755000000001
518,Japan,2020-12-31,1,0.679943
519,Japan,2021-04-30,2,0.8176175
520,Japan,2021-05-31,2,0.675968
521,Japan,2021-07-31,1,0.524359
522,Japan,2021-08-31,1,0.266215
523,Japan,2022-03-31,2,0.7567675
524,Japan,2022-04-30,3,0.8903756666666668
525,Japan,2022-05-31,1,0.854665
526,Japan,2022-06-30,2,0.40934349999999997
527,Japan,2022-09-30,2,0.6942325
528,Japan,2022-11-30,2,0.6176170000000001
529,Japan,2023-03-31,14,0.5149180714285715
530,Jersey,2021-03-31,1,0.940011
531,Jordan,2015-03-31,1,0.533753
532,Jordan,2018-07-31,1,0.509224
533,Jordan,2018-12-31,1,0.499654
534,Jordan,2019-01-31,2,0.5618595
535,Jordan,2019-04-30,1,0.543665
536,Jordan,2020-04-30,1,0.444362
537,Kazakhstan,2021-10-31,2,0.37208399999999997
538,Kazakhstan,2023-02-28,3,0.6667973333333334
539,Kazakhstan,2023-03-31,6,0.649677
540,Kazakhstan,2023-04-30,4,0.509997
541,Kenya,2016-09-30,5,0.6476379999999999
542,Kenya,2018-11-30,1,0.810712
543,Kenya,2019-01-31,1,0.444386
544,Kenya,2019-07-31,1,0.713981
545,Kenya,2019-11-30,2,0.705436
546,Kenya,2021-06-30,1,0.853257
547,Kenya,2022-01-31,2,0.4594935
548,Kenya,2022-03-31,1,0.372209
549,Kenya,2022-06-30,1,0.857073
550,Kenya,2022-10-31,1,0.300469
551,Kenya,2023-03-31,1,0.609169
552,Kenya,2023-04-30,1,0.596923
553,Kuwait,2018-09-30,1,0.492391
554,Kuwait,2019-02-28,1,0.628361
555,Kuwait,2019-06-30,1,0.575382
556,Kuwait,2019-08-31,2,0.5248875
557,Kuwait,2021-11-30,1,0.541697
558,Latvia,2014-11-30,1,0.781305
559,Latvia,2021-11-30,1,0.835484
560,Lebanon,2019-09-30,1,0.57335
561,Lebanon,2020-01-31,2,0.585448
562,Lebanon,2023-02-28,2,0.5766804999999999
563,Lebanon,2023-03-31,4,0.573602
564,Libya,2022-06-30,1,0.600076
565,Macedonia,2023-03-31,1,0.223766
566,Malaysia,2019-12-31,1,0.706629
567,Malaysia,2020-01-31,1,0.692969
568,Malaysia,2020-06-30,1,0.169592
569,Malaysia,2020-07-31,1,0.475092
570,Malaysia,2021-02-28,1,0.262719
571,Malaysia,2021-09-30,1,0.400772
572,Malaysia,2021-11-30,1,0.176416
573,Malaysia,2022-03-31,5,0.3959684
574,Malaysia,2022-04-30,2,0.772706
575,Malaysia,2022-10-31,1,0.864548
576,Malaysia,2022-12-31,3,0.6327536666666667
577,Malaysia,2023-02-28,1,0.371111
578,Malaysia,2023-03-31,1,0.566448
579,Malta,2023-03-31,4,0.625359
580,Mauritius,2019-03-31,1,0.535797
581,Mexico,2016-12-31,1,0.355998
582,Mexico,2019-03-31,1,0.472534
583,Mexico,2020-01-31,1,0.875413
584,Mexico,2020-02-29,1,0.912952
585,Mexico,2020-03-31,3,0.5167033333333334
586,Mexico,2021-06-30,2,0.513539
587,Mexico,2021-09-30,1,0.431923
588,Mexico,2022-04-30,1,0.26755
589,Mexico,2022-05-31,3,0.7110716666666667
590,Mexico,2022-06-30,2,0.7573624999999999
591,Mexico,2022-07-31,1,0.673399
592,Mexico,2022-11-30,2,0.797859
593,Mexico,2023-01-31,1,0.60447
594,Mexico,2023-02-28,1,0.761615
595,Mexico,2023-03-31,1,0.381564
596,Moldova,2022-11-30,3,0.7096576666666667
597,Montenegro,2022-08-31,1,0.820573
598,Montenegro,2022-09-30,1,0.610972
599,Montenegro,2022-10-31,1,0.600683
600,Montenegro,2022-11-30,2,0.729735
601,Morocco,2020-06-30,1,0.475092
602,Morocco,2022-05-31,1,0.264711
603,Morocco,2022-12-31,3,0.429187
604,Namibia,2022-10-31,1,0.028348
605,Namibia,2023-03-31,1,0.353372
606,Netherlands,2020-04-30,1,0.323887
607,Netherlands,2020-10-31,1,0.626101
608,Netherlands,2020-12-31,1,0.90451
609,Netherlands,2021-02-28,1,0.813116
610,Netherlands,2021-08-31,1,0.703204
611,Netherlands,2021-12-31,1,0.539557
612,Netherlands,2022-04-30,1,0.662737
613,Netherlands,2022-05-31,1,0.722576
614,Netherlands,2022-07-31,2,0.738327
615,Netherlands,2022-08-31,1,0.591882
616,Netherlands,2022-09-30,1,0.832072
617,Netherlands,2022-11-30,8,0.596981875
618,Netherlands,2022-12-31,3,0.654083
619,Netherlands,2023-01-31,5,0.7030215999999999
620,Netherlands,2023-02-28,1,0.684129
621,Netherlands,2023-03-31,2,0.6025625
622,New Zealand,2019-02-28,1,0.969598
623,Nicaragua,2020-09-30,1,0.735407
624,Nigeria,2019-04-30,2,0.6478475
625,Nigeria,2019-05-31,9,0.6774981111111111
626,Nigeria,2019-06-30,1,0.650177
627,Nigeria,2019-07-31,2,0.781242
628,Nigeria,2019-08-31,4,0.5021964999999999
629,Nigeria,2019-09-30,2,0.66393
630,Nigeria,2019-10-31,3,0.6896243333333333
631,Nigeria,2019-11-30,4,0.54225675
632,Nigeria,2019-12-31,2,0.684848
633,Nigeria,2020-01-31,2,0.8667100000000001
634,Nigeria,2020-02-29,1,0.568119
635,Nigeria,2020-03-31,4,0.63141575
636,Nigeria,2020-04-30,6,0.699917
637,Nigeria,2020-05-31,9,0.6883513333333333
638,Nigeria,2020-06-30,2,0.7587305
639,Nigeria,2020-07-31,2,0.6211705000000001
640,Nigeria,2020-08-31,1,0.724948
641,Nigeria,2020-09-30,2,0.412631
642,Nigeria,2020-10-31,1,0.702653
643,Nigeria,2020-11-30,5,0.6383344
644,Nigeria,2020-12-31,2,0.6948705000000001
645,Nigeria,2021-01-31,2,0.7690765
646,Nigeria,2021-02-28,3,0.5682726666666666
647,Nigeria,2021-03-31,1,0.846538
648,Nigeria,2021-04-30,8,0.670686125
649,Nigeria,2021-05-31,2,0.686025
650,Nigeria,2021-06-30,2,0.755767
651,Nigeria,2021-09-30,1,0.805782
652,Nigeria,2021-10-31,1,0.868139
653,Nigeria,2021-11-30,1,0.60878
654,Nigeria,2021-12-31,22,0.7615596363636363
655,Nigeria,2022-01-31,1,0.868314
656,Nigeria,2022-02-28,3,0.638351
657,Nigeria,2022-03-31,1,0.520062
658,Nigeria,2022-04-30,7,0.677688
659,Nigeria,2022-05-31,4,0.645008
660,Nigeria,2022-06-30,15,0.7519538666666666
661,Nigeria,2022-07-31,2,0.5805910000000001
662,Nigeria,2022-08-31,8,0.79690075
663,Nigeria,2022-09-30,24,0.7905848333333333
664,Nigeria,2022-10-31,2,0.7796615
665,Nigeria,2022-11-30,14,0.7738908571428571
666,Nigeria,2022-12-31,3,0.9081116666666667
667,Nigeria,2023-01-31,1,0.760227
668,Nigeria,2023-02-28,2,0.6763520000000001
669,Nigeria,2023-03-31,27,0.7398915925925926
670,Norway,2020-12-31,1,0.90451
671,Norway,2022-03-31,1,0.800678
672,Pakistan,2019-05-31,1,0.895437
673,Pakistan,2020-02-29,1,0.938775
674,Pakistan,2021-02-28,1,0.384562
675,Pakistan,2021-04-30,1,0.878502
676,Pakistan,2021-11-30,1,0.708137
677,Pakistan,2021-12-31,47,0.80059
678,Pakistan,2022-01-31,18,0.7260463333333333
679,Pakistan,2022-06-30,1,0.248579
680,Pakistan,2022-09-30,3,0.763645
681,Pakistan,2022-10-31,2,0.668829
682,Pakistan,2022-11-30,5,0.539653
683,Pakistan,2022-12-31,7,0.6397518571428572
684,Pakistan,2023-01-31,2,0.713897
685,Pakistan,2023-02-28,3,0.6614566666666667
686,Pakistan,2023-03-31,1,0.050571
687,Panama,2016-04-30,25,0.84545304
688,Panama,2016-05-31,23,0.7067329130434783
689,Panama,2016-08-31,9,0.6579582222222222
690,Panama,2016-09-30,3,0.517983
691,Panama,2016-10-31,4,0.82503225
692,Panama,2021-11-30,1,0.634682
693,Panama,2022-07-31,1,0.754637
694,Paraguay,2021-06-30,2,0.5765305000000001
695,Peru,2013-10-31,1,0.658291
696,Peru,2016-08-31,2,0.748126
697,Peru,2018-08-31,1,0.079668
698,Peru,2019-08-31,2,0.6441520000000001
699,Peru,2021-12-31,1,0.705232
700,Peru,2022-08-31,36,0.5604089999999999
701,Philippines,2019-01-31,2,0.473036
702,Philippines,2020-12-31,1,0.038101
703,Philippines,2021-02-28,1,0.633221
704,Philippines,2021-10-31,1,0.80811
705,Philippines,2021-11-30,1,0.718317
706,Philippines,2021-12-31,1,0.63116
707,Philippines,2022-01-31,1,0.605636
708,Philippines,2022-02-28,1,0.913207
709,Philippines,2022-04-30,1,0.909746
710,Philippines,2022-05-31,3,0.8292383333333334
711,Philippines,2022-06-30,3,0.5690876666666667
712,Philippines,2022-08-31,1,0.935493
713,Philippines,2022-09-30,3,0.7392643333333333
714,Philippines,2022-11-30,1,0.684304
715,Poland,2021-03-31,1,0.471198
716,Poland,2022-05-31,1,0.925766
717,Poland,2022-11-30,1,0.743025
718,Poland,2023-02-28,1,0.922386
719,Poland,2023-03-31,2,0.288323
720,Portugal,2020-12-31,1,0.231703
721,Portugal,2022-05-31,1,0.501523
722,Portugal,2022-09-30,1,0.34533
723,Portugal,2022-11-30,1,0.612271
724,Portugal,2022-12-31,1,0.868495
725,Portugal,2023-03-31,1,0.933882
726,Puerto Rico,2021-10-31,7,0.5854058571428571
727,Puerto Rico,2021-11-30,6,0.4358328333333333
728,Puerto Rico,2021-12-31,3,0.6157673333333333
729,Puerto Rico,2022-05-31,1,0.736053
730,Puerto Rico,2022-10-31,2,0.715031
731,Puerto Rico,2023-03-31,2,0.43746999999999997
732,Qatar,2022-08-31,1,0.895328
733,Qatar,2022-10-31,1,0.957065
734,Republic of Congo,2022-11-30,1,0.649873
735,Republic of Serbia,2019-07-31,2,0.5346884999999999
736,Republic of Serbia,2022-09-30,1,0.951605
737,Romania,2021-11-30,2,0.796808
738,Romania,2022-06-30,1,0.517698
739,Romania,2023-01-31,1,0.713615
740,Romania,2023-02-28,1,0.356957
741,Russia,2013-05-31,1,0.182732
742,Russia,2017-07-31,2,0.3053845
743,Russia,2017-09-30,3,0.5373549999999999
744,Russia,2019-03-31,4,0.697817
745,Russia,2019-07-31,1,0.583696
746,Russia,2020-12-31,1,0.86307
747,Russia,2022-06-30,1,0.854078
748,Russia,2022-11-30,1,0.587537
749,Russia,2022-12-31,1,0.725908
750,Russia,2023-03-31,1,0.359265
751,Saudi Arabia,2014-03-31,1,0.81156
752,Saudi Arabia,2018-06-30,32,0.626528125
753,Saudi Arabia,2018-07-31,45,0.6455729111111111
754,Saudi Arabia,2018-08-31,46,0.662756347826087
755,Saudi Arabia,2018-10-31,8,0.5173871250000001
756,Saudi Arabia,2018-11-30,20,0.5310534
757,Saudi Arabia,2018-12-31,4,0.666242
758,Saudi Arabia,2019-01-31,4,0.666228
759,Saudi Arabia,2020-01-31,2,0.7804665
760,Saudi Arabia,2020-03-31,1,0.444386
761,Saudi Arabia,2020-04-30,1,0.444362
762,Saudi Arabia,2021-02-28,2,0.7908235
763,Saudi Arabia,2021-03-31,2,0.47623499999999996
764,Saudi Arabia,2021-07-31,1,0.846942
765,Saudi Arabia,2021-09-30,1,0.788107
766,Saudi Arabia,2021-12-31,1,0.77643
767,Saudi Arabia,2022-10-31,1,0.957065
768,Saudi Arabia,2023-03-31,1,0.62427
769,Singapore,2015-07-31,1,0.2253
770,Singapore,2015-08-31,1,0.76262
771,Singapore,2016-10-31,1,0.266082
772,Singapore,2018-09-30,2,0.656517
773,Singapore,2019-04-30,1,0.387639
774,Singapore,2019-06-30,1,0.928415
775,Singapore,2020-02-29,3,0.6235766666666667
776,Singapore,2020-11-30,1,0.464304
777,Singapore,2020-12-31,1,0.914185
778,Singapore,2021-04-30,1,0.847999
779,Singapore,2021-05-31,1,0.801619
780,Singapore,2022-07-31,1,0.97315
781,Singapore,2022-10-31,2,0.7062335
782,Singapore,2022-11-30,1,0.718926
783,Singapore,2022-12-31,1,0.865987
784,Singapore,2023-02-28,3,0.8155069999999999
785,Singapore,2023-03-31,5,0.5410378
786,Slovenia,2023-02-28,1,0.497712
787,South Africa,2015-02-28,1,0.626739
788,South Africa,2016-05-31,1,0.831603
789,South Africa,2016-08-31,1,0.754301
790,South Africa,2017-08-31,1,0.574834
791,South Africa,2018-07-31,6,0.6417798333333333
792,South Africa,2018-08-31,6,0.6724583333333333
793,South Africa,2018-09-30,5,0.5780464000000001
794,South Africa,2018-10-31,2,0.8272539999999999
795,South Africa,2018-11-30,1,0.161933
796,South Africa,2019-01-31,3,0.6409446666666666
797,South Africa,2019-02-28,7,0.659793
798,South Africa,2019-03-31,1,0.935054
799,South Africa,2019-04-30,1,0.489015
800,South Africa,2019-05-31,1,0.360618
801,South Africa,2019-07-31,17,0.8372960588235294
802,South Africa,2019-08-31,1,0.254406
803,South Africa,2019-09-30,1,0.86474
804,South Africa,2019-10-31,1,0.789419
805,South Africa,2020-01-31,1,0.910496
806,South Africa,2020-02-29,1,0.888133
807,South Africa,2020-04-30,1,0.721406
808,South Africa,2020-05-31,1,0.557649
809,South Africa,2020-07-31,2,0.506338
810,South Africa,2020-08-31,3,0.8354626666666666
811,South Africa,2021-01-31,1,0.64039
812,South Africa,2021-04-30,2,0.8893035
813,South Africa,2021-05-31,1,0.451105
814,South Africa,2021-06-30,1,0.689786
815,South Africa,2021-07-31,1,0.500854
816,South Africa,2021-09-30,1,0.878549
817,South Africa,2021-11-30,1,0.76061
818,South Africa,2021-12-31,1,0.28955
819,South Africa,2022-01-31,1,0.723783
820,South Africa,2022-02-28,1,0.693821
821,South Africa,2022-03-31,1,0.677093
822,South Africa,2022-05-31,4,0.78889225
823,South Africa,2022-06-30,1,0.583379
824,South Africa,2022-08-31,1,0.382984
825,South Africa,2022-09-30,4,0.7083079999999999
826,South Africa,2022-10-31,1,0.747975
827,South Africa,2022-12-31,1,0.168826
828,South Africa,2023-01-31,4,0.58071775
829,South Africa,2023-05-31,1,0.572557
830,South Korea,2019-02-28,1,0.92983
831,South Korea,2021-12-31,1,0.779042
832,South Korea,2023-01-31,2,0.494086
833,South Korea,2023-03-31,2,0.499604
834,Spain,2013-02-28,1,0.50373
835,Spain,2013-04-30,1,0.734933
836,Spain,2016-02-29,4,0.5859545
837,Spain,2016-03-31,1,0.351269
838,Spain,2016-06-30,4,0.61058175
839,Spain,2016-07-31,22,0.4646334545454545
840,Spain,2016-11-30,3,0.6060263333333333
841,Spain,2016-12-31,3,0.4738006666666667
842,Spain,2017-01-31,3,0.6125153333333334
843,Spain,2017-05-31,7,0.4482397142857143
844,Spain,2017-06-30,13,0.5861777692307693
845,Spain,2017-07-31,20,0.46218525
846,Spain,2017-08-31,3,0.2923236666666667
847,Spain,2017-10-31,4,0.46532450000000003
848,Spain,2018-05-31,1,0.8648
849,Spain,2018-11-30,1,0.711949
850,Spain,2019-02-28,7,0.462609
851,Spain,2019-03-31,9,0.5054832222222223
852,Spain,2019-04-30,4,0.54302925
853,Spain,2019-05-31,6,0.44607033333333335
854,Spain,2019-09-30,3,0.585551
855,Spain,2019-10-31,3,0.585551
856,Spain,2019-12-31,1,0.208948
857,Spain,2020-01-31,1,0.536091
858,Spain,2020-03-31,2,0.5853444999999999
859,Spain,2020-04-30,3,0.4524616666666667
860,Spain,2020-05-31,4,0.714752
861,Spain,2020-06-30,3,0.8718916666666666
862,Spain,2020-08-31,2,0.954925
863,Spain,2020-10-31,2,0.543423
864,Spain,2020-11-30,1,0.625761
865,Spain,2021-02-28,1,0.936532
866,Spain,2021-03-31,1,0.85309
867,Spain,2021-04-30,2,0.586557
868,Spain,2021-05-31,4,0.635801
869,Spain,2021-06-30,4,0.56227125
870,Spain,2021-07-31,4,0.6848405
871,Spain,2021-10-31,5,0.5468382
872,Spain,2021-11-30,1,0.728912
873,Spain,2021-12-31,1,0.712218
874,Spain,2022-01-31,4,0.521369
875,Spain,2022-02-28,1,0.646476
876,Spain,2022-03-31,12,0.71367525
877,Spain,2022-04-30,4,0.61635925
878,Spain,2022-05-31,2,0.526652
879,Spain,2022-06-30,3,0.6043346666666666
880,Spain,2022-07-31,2,0.8121514999999999
881,Spain,2022-08-31,1,0.552415
882,Spain,2022-09-30,9,0.6137095555555556
883,Spain,2022-10-31,7,0.6711915714285714
884,Spain,2022-11-30,2,0.365165
885,Spain,2022-12-31,7,0.6466924285714286
886,Spain,2023-01-31,6,0.8084443333333334
887,Spain,2023-02-28,5,0.9288563999999999
888,Spain,2023-03-31,4,0.6727127500000001
889,Spain,2023-04-30,12,0.6038818333333333
890,Spain,2023-06-30,2,0.8317669999999999
891,Sri Lanka,2022-10-31,1,0.849507
892,Sri Lanka,2023-03-31,2,0.192949
893,Sweden,2021-02-28,1,0.585873
894,Sweden,2021-07-31,2,0.7140155
895,Sweden,2021-08-31,6,0.7123568333333333
896,Sweden,2021-09-30,1,0.500039
897,Sweden,2021-10-31,3,0.5671970000000001
898,Sweden,2021-11-30,2,0.685725
899,Sweden,2021-12-31,2,0.7545515
900,Sweden,2022-01-31,6,0.6730870000000001
901,Sweden,2022-02-28,5,0.7126697999999999
902,Sweden,2023-03-31,1,0.076955
903,Switzerland,2015-01-31,1,0.736379
904,Switzerland,2017-05-31,2,0.4126415
905,Switzerland,2018-08-31,1,0.548867
906,Switzerland,2018-09-30,1,0.542246
907,Switzerland,2018-12-31,6,0.7217071666666667
908,Switzerland,2019-08-31,1,0.345566
909,Switzerland,2019-09-30,13,0.4758315384615385
910,Switzerland,2020-03-31,2,0.5922054999999999
911,Switzerland,2020-04-30,1,0.609138
912,Switzerland,2020-08-31,4,0.6863805
913,Switzerland,2021-03-31,1,0.846154
914,Switzerland,2021-04-30,1,0.868393
915,Switzerland,2021-05-31,1,0.698954
916,Switzerland,2021-06-30,2,0.788986
917,Switzerland,2021-07-31,2,0.7060405000000001
918,Switzerland,2021-12-31,1,0.588996
919,Switzerland,2022-05-31,3,0.5202086666666667
920,Switzerland,2022-08-31,13,0.6727167692307692
921,Switzerland,2022-09-30,2,0.688269
922,Switzerland,2023-02-28,12,0.5564035833333333
923,Switzerland,2023-03-31,13,0.5359795384615385
924,Switzerland,2023-05-31,1,0.653224
925,Syria,2022-11-30,1,0.716208
926,Taiwan,2020-11-30,2,0.8434505
927,Taiwan,2022-07-31,1,0.635542
928,Taiwan,2022-08-31,1,0.879004
929,Taiwan,2022-09-30,1,0.53662
930,Taiwan,2022-12-31,1,0.815972
931,Taiwan,2023-03-31,5,0.6236126
932,Thailand,2017-03-31,1,0.178204
933,Thailand,2017-05-31,1,0.775854
934,Thailand,2019-08-31,1,0.713823
935,Thailand,2019-10-31,1,0.397155
936,Thailand,2020-03-31,1,0.387015
937,Thailand,2020-05-31,1,0.697367
938,Thailand,2020-07-31,2,0.631642
939,Thailand,2020-10-31,4,0.73851075
940,Thailand,2021-01-31,1,0.530984
941,Thailand,2021-06-30,1,0.969389
942,Thailand,2021-07-31,1,0.773499
943,Thailand,2021-09-30,1,0.943623
944,Thailand,2021-10-31,1,0.7354
945,Thailand,2021-11-30,1,0.659669
946,Thailand,2021-12-31,1,0.740854
947,Thailand,2022-05-31,1,0.663436
948,Thailand,2022-09-30,2,0.40550450000000005
949,Thailand,2022-10-31,1,0.299159
950,Thailand,2022-12-31,2,0.574136
951,Thailand,2023-02-28,1,0.808059
952,Thailand,2023-03-31,1,0.315823
953,Trinidad and Tobago,2021-06-30,3,0.46709700000000004
954,Trinidad and Tobago,2021-07-31,2,0.355401
955,Trinidad and Tobago,2021-08-31,1,0.707059
956,Trinidad and Tobago,2022-01-31,1,0.251296
957,Trinidad and Tobago,2022-05-31,1,0.281435
958,Turkey,2013-12-31,1,0.220273
959,Turkey,2014-11-30,2,0.675988
960,Turkey,2018-01-31,2,0.5310165
961,Turkey,2018-03-31,2,0.5876545
962,Turkey,2018-08-31,2,0.6946175
963,Turkey,2018-10-31,1,0.43401
964,Turkey,2018-12-31,5,0.46399
965,Turkey,2019-01-31,4,0.4258615
966,Turkey,2019-02-28,1,0.435609
967,Turkey,2019-04-30,1,0.511704
968,Turkey,2019-08-31,1,0.655456
969,Turkey,2019-10-31,2,0.451535
970,Turkey,2019-11-30,1,0.902097
971,Turkey,2019-12-31,3,0.39762933333333333
972,Turkey,2020-01-31,55,0.7948666909090908
973,Turkey,2020-02-29,1,0.820041
974,Turkey,2020-03-31,1,0.41683
975,Turkey,2020-04-30,3,0.5833156666666667
976,Turkey,2020-05-31,1,0.909034
977,Turkey,2020-07-31,2,0.4988535
978,Turkey,2020-09-30,1,0.521922
979,Turkey,2020-10-31,5,0.5711558
980,Turkey,2020-11-30,3,0.6237349999999999
981,Turkey,2020-12-31,9,0.5661005555555555
982,Turkey,2021-01-31,2,0.604248
983,Turkey,2021-02-28,1,0.580502
984,Turkey,2021-03-31,11,0.5646353636363636
985,Turkey,2021-04-30,3,0.5321356666666667
986,Turkey,2021-05-31,1,0.867945
987,Turkey,2021-07-31,1,0.910284
988,Turkey,2021-09-30,26,0.8354936153846153
989,Turkey,2021-10-31,15,0.8702716
990,Turkey,2021-12-31,1,0.519662
991,Turkey,2022-01-31,2,0.912582
992,Turkey,2022-02-28,5,0.44476560000000004
993,Turkey,2022-03-31,9,0.6472724444444444
994,Turkey,2022-04-30,2,0.640091
995,Turkey,2022-05-31,17,0.6568637647058824
996,Turkey,2022-06-30,2,0.662221
997,Turkey,2022-07-31,2,0.80875
998,Turkey,2022-10-31,10,0.3900996
999,Turkey,2022-11-30,2,0.643185
1000,Turkey,2022-12-31,1577,0.2692236474318326
1001,Turkey,2023-02-28,1,0.533565
1002,Turkey,2023-03-31,7,0.5080535714285714
1003,Uganda,2019-11-30,89,0.7472462921348314
1004,Uganda,2019-12-31,31,0.7618275483870968
1005,Uganda,2021-06-30,1,0.324213
1006,Uganda,2021-07-31,3,0.505637
1007,Uganda,2021-12-31,2,0.8311005
1008,Uganda,2022-02-28,1,0.582373
1009,Uganda,2022-05-31,2,0.61593
1010,Uganda,2022-06-30,2,0.38492000000000004
1011,Uganda,2022-07-31,16,0.8753380625
1012,Uganda,2022-12-31,1,0.77408
1013,Uganda,2023-02-28,1,0.916938
1014,Uganda,2023-03-31,2,0.418044
1015,Ukraine,2021-09-30,1,0.504644
1016,Ukraine,2021-12-31,1,0.726629
1017,Ukraine,2022-04-30,2,0.5994254999999999
1018,Ukraine,2022-10-31,2,0.32697849999999995
1019,Ukraine,2022-12-31,1,0.778845
1020,Ukraine,2023-03-31,1,0.148297
1021,Ukraine,2023-04-30,1,0.907767
1022,United Arab Emirates,2018-01-31,3,0.7499249999999998
1023,United Arab Emirates,2018-02-28,4,0.76234525
1024,United Arab Emirates,2018-03-31,5,0.7979682
1025,United Arab Emirates,2018-08-31,1,0.269496
1026,United Arab Emirates,2018-09-30,1,0.669238
1027,United Arab Emirates,2018-10-31,1,0.56842
1028,United Arab Emirates,2018-11-30,49,0.6211113673469388
1029,United Arab Emirates,2018-12-31,220,0.6191607772727273
1030,United Arab Emirates,2019-01-31,263,0.6125372813688214
1031,United Arab Emirates,2019-03-31,106,0.6226377547169811
1032,United Arab Emirates,2019-04-30,138,0.6300816449275363
1033,United Arab Emirates,2019-05-31,232,0.6510167370689655
1034,United Arab Emirates,2019-06-30,60,0.6395206666666666
1035,United Arab Emirates,2019-07-31,3,0.5805036666666666
1036,United Arab Emirates,2019-09-30,1,0.560949
1037,United Arab Emirates,2019-11-30,1,0.207031
1038,United Arab Emirates,2020-11-30,1,0.761612
1039,United Arab Emirates,2021-02-28,1,0.629756
1040,United Arab Emirates,2021-05-31,3,0.670276
1041,United Arab Emirates,2021-10-31,2,0.6594679999999999
1042,United Arab Emirates,2021-11-30,18,0.6625067777777778
1043,United Arab Emirates,2021-12-31,21,0.7279604285714286
1044,United Arab Emirates,2022-01-31,18,0.706842
1045,United Arab Emirates,2022-02-28,13,0.6596411538461537
1046,United Arab Emirates,2022-03-31,9,0.7575976666666667
1047,United Arab Emirates,2022-04-30,6,0.789517
1048,United Arab Emirates,2022-05-31,23,0.6951608260869565
1049,United Arab Emirates,2022-06-30,13,0.6423252307692308
1050,United Arab Emirates,2022-07-31,6,0.4157445
1051,United Arab Emirates,2022-09-30,1,0.634993
1052,United Arab Emirates,2022-10-31,3,0.911669
1053,United Arab Emirates,2022-12-31,2,0.6102339999999999
1054,United Arab Emirates,2023-01-31,1,0.556979
1055,United Arab Emirates,2023-02-28,6,0.6795703333333334
1056,United Arab Emirates,2023-03-31,21,0.4113455714285714
1057,United Arab Emirates,2023-05-31,1,0.612789
1058,United Kingdom,2014-11-30,1,0.554605
1059,United Kingdom,2015-01-31,1,0.885446
1060,United Kingdom,2016-01-31,1,0.827768
1061,United Kingdom,2016-05-31,1,0.839836
1062,United Kingdom,2016-06-30,11,0.5987819090909091
1063,United Kingdom,2016-09-30,1,0.616058
1064,United Kingdom,2016-10-31,1,0.253169
1065,United Kingdom,2017-07-31,1,0.466803
1066,United Kingdom,2017-09-30,1,0.472594
1067,United Kingdom,2018-09-30,11,0.6364813636363637
1068,United Kingdom,2018-10-31,6,0.7244826666666667
1069,United Kingdom,2018-11-30,5,0.3502922
1070,United Kingdom,2018-12-31,7,0.4677547142857143
1071,United Kingdom,2019-01-31,9,0.5445701111111112
1072,United Kingdom,2019-02-28,4,0.3938525
1073,United Kingdom,2019-03-31,12,0.5707728333333334
1074,United Kingdom,2019-04-30,3,0.570106
1075,United Kingdom,2019-05-31,3,0.3232816666666667
1076,United Kingdom,2019-06-30,2,0.41145
1077,United Kingdom,2019-07-31,6,0.49263433333333334
1078,United Kingdom,2019-08-31,2,0.4657305
1079,United Kingdom,2019-09-30,8,0.498965375
1080,United Kingdom,2019-10-31,8,0.5218575
1081,United Kingdom,2019-11-30,14,0.75021
1082,United Kingdom,2019-12-31,32,0.7993612812499999
1083,United Kingdom,2020-01-31,10,0.5434875
1084,United Kingdom,2020-02-29,1,0.607642
1085,United Kingdom,2020-05-31,4,0.64605775
1086,United Kingdom,2020-06-30,5,0.6641108
1087,United Kingdom,2020-07-31,1,0.59051
1088,United Kingdom,2020-08-31,1,0.705312
1089,United Kingdom,2020-11-30,1,0.795523
1090,United Kingdom,2020-12-31,1,0.531008
1091,United Kingdom,2021-02-28,1,0.656376
1092,United Kingdom,2021-03-31,4,0.67418225
1093,United Kingdom,2021-04-30,3,0.6735946666666667
1094,United Kingdom,2021-05-31,2,0.362488
1095,United Kingdom,2021-06-30,22,0.6765619545454545
1096,United Kingdom,2021-07-31,4,0.78383475
1097,United Kingdom,2021-08-31,2,0.5813425
1098,United Kingdom,2021-09-30,1,0.880434
1099,United Kingdom,2021-10-31,1,0.903428
1100,United Kingdom,2021-11-30,2,0.59491
1101,United Kingdom,2021-12-31,1,0.856966
1102,United Kingdom,2022-01-31,27,0.8388660740740741
1103,United Kingdom,2022-02-28,40,0.7917852
1104,United Kingdom,2022-03-31,29,0.7640626551724139
1105,United Kingdom,2022-04-30,25,0.7631924000000001
1106,United Kingdom,2022-05-31,26,0.7359985769230769
1107,United Kingdom,2022-06-30,3,0.786718
1108,United Kingdom,2022-07-31,2,0.6568995
1109,United Kingdom,2022-08-31,2,0.349839
1110,United Kingdom,2022-09-30,3,0.7918216666666668
1111,United Kingdom,2022-10-31,3,0.8650396666666667
1112,United Kingdom,2022-11-30,6,0.6140508333333333
1113,United Kingdom,2022-12-31,14,0.5992936428571429
1114,United Kingdom,2023-01-31,17,0.6006503529411764
1115,United Kingdom,2023-02-28,16,0.7069908125000001
1116,United Kingdom,2023-03-31,16,0.4981303125
1117,United Republic of Tanzania,2019-01-31,1,0.475092
1118,United Republic of Tanzania,2020-05-31,2,0.7344440000000001
1119,United Republic of Tanzania,2021-08-31,2,0.6172690000000001
1120,United Republic of Tanzania,2022-01-31,1,0.308933
1121,United Republic of Tanzania,2022-02-28,1,0.854364
1122,United Republic of Tanzania,2022-06-30,1,0.474969
1123,United Republic of Tanzania,2022-12-31,1,0.411563
1124,United Republic of Tanzania,2023-04-30,6,0.569927
1125,United States of America,2013-02-28,1,0.484028
1126,United States of America,2013-03-31,3,0.7300286666666667
1127,United States of America,2013-04-30,2,0.506092
1128,United States of America,2013-05-31,1,0.771717
1129,United States of America,2013-07-31,2,0.6515815
1130,United States of America,2013-09-30,1,0.406592
1131,United States of America,2013-10-31,1,0.377958
1132,United States of America,2013-11-30,1,0.710245
1133,United States of America,2014-01-31,2,0.7257525
1134,United States of America,2014-02-28,4,0.70901775
1135,United States of America,2014-03-31,3,0.7857696666666666
1136,United States of America,2014-10-31,3,0.6806663333333334
1137,United States of America,2014-11-30,2,0.8582215
1138,United States of America,2014-12-31,1,0.65336
1139,United States of America,2015-01-31,1,0.444386
1140,United States of America,2015-02-28,1,0.280389
1141,United States of America,2015-03-31,2,0.6314955
1142,United States of America,2015-09-30,3,0.7738093333333333
1143,United States of America,2015-10-31,2,0.4279305
1144,United States of America,2015-11-30,1,0.636265
1145,United States of America,2015-12-31,1,0.474813
1146,United States of America,2016-12-31,2,0.585295
1147,United States of America,2017-01-31,1,0.648685
1148,United States of America,2017-02-28,2,0.8195785
1149,United States of America,2017-03-31,2,0.6792895
1150,United States of America,2017-04-30,4,0.57328375
1151,United States of America,2017-07-31,1,0.925098
1152,United States of America,2018-02-28,1,0.258177
1153,United States of America,2018-07-31,2,0.607065
1154,United States of America,2018-08-31,4,0.48727275000000003
1155,United States of America,2018-09-30,8,0.77522625
1156,United States of America,2018-10-31,3,0.8805116666666667
1157,United States of America,2018-11-30,3,0.739971
1158,United States of America,2018-12-31,11,0.6572310909090909
1159,United States of America,2019-01-31,12,0.6530124166666667
1160,United States of America,2019-02-28,21,0.685311380952381
1161,United States of America,2019-03-31,9,0.690744
1162,United States of America,2019-04-30,9,0.6053485555555556
1163,United States of America,2019-05-31,4,0.344703
1164,United States of America,2019-06-30,2,0.653443
1165,United States of America,2019-07-31,9,0.6249435555555556
1166,United States of America,2019-08-31,8,0.65256525
1167,United States of America,2019-09-30,9,0.7752548888888888
1168,United States of America,2019-10-31,9,0.6514003333333334
1169,United States of America,2019-11-30,2,0.536035
1170,United States of America,2019-12-31,4,0.5771685
1171,United States of America,2020-02-29,4,0.82963625
1172,United States of America,2020-03-31,9,0.6798405555555556
1173,United States of America,2020-04-30,8,0.77670975
1174,United States of America,2020-05-31,15,0.8294138
1175,United States of America,2020-06-30,13,0.7413916923076923
1176,United States of America,2020-07-31,8,0.8173205
1177,United States of America,2020-08-31,11,0.918017
1178,United States of America,2020-09-30,1,0.618914
1179,United States of America,2020-10-31,5,0.8465451999999999
1180,United States of America,2020-11-30,4,0.61881275
1181,United States of America,2020-12-31,10,0.8004324
1182,United States of America,2021-01-31,9,0.5985016666666667
1183,United States of America,2021-02-28,17,0.6324564705882354
1184,United States of America,2021-03-31,17,0.6201002941176471
1185,United States of America,2021-04-30,6,0.6851655
1186,United States of America,2021-05-31,14,0.5075716428571428
1187,United States of America,2021-06-30,8,0.65385675
1188,United States of America,2021-07-31,7,0.6357505714285715
1189,United States of America,2021-08-31,11,0.5759550909090909
1190,United States of America,2021-09-30,28,0.6583918214285714
1191,United States of America,2021-10-31,27,0.6270027037037037
1192,United States of America,2021-11-30,33,0.666950090909091
1193,United States of America,2021-12-31,21,0.6882680952380953
1194,United States of America,2022-01-31,13,0.6201939230769231
1195,United States of America,2022-02-28,23,0.6886289130434783
1196,United States of America,2022-03-31,18,0.5454995
1197,United States of America,2022-04-30,22,0.6435911363636364
1198,United States of America,2022-05-31,43,0.6227613953488372
1199,United States of America,2022-06-30,41,0.6950925121951219
1200,United States of America,2022-07-31,30,0.5790442
1201,United States of America,2022-08-31,33,0.6277166363636364
1202,United States of America,2022-09-30,102,0.6868699803921569
1203,United States of America,2022-10-31,30,0.6540385666666667
1204,United States of America,2022-11-30,24,0.5967859166666667
1205,United States of America,2022-12-31,23,0.5203228260869566
1206,United States of America,2023-01-31,23,0.7345985652173913
1207,United States of America,2023-02-28,24,0.694912
1208,United States of America,2023-03-31,80,0.5233551750000001
1209,United States of America,2023-04-30,6,0.7555856666666667
1210,United States of America,2023-05-31,15,0.7894744666666667
1211,United States of America,2023-06-30,3,0.7602816666666667
1212,Uruguay,2022-05-31,1,0.913721
1213,Uruguay,2023-03-31,1,0.526055
1214,Venezuela,2013-10-31,1,0.385419
1215,Venezuela,2018-12-31,1,0.796298
1216,Venezuela,2020-12-31,1,0.537771
1217,Venezuela,2021-04-30,1,0.659622
1218,Venezuela,2021-05-31,1,0.557578
1219,Venezuela,2021-06-30,7,0.6590261428571429
1220,Venezuela,2021-07-31,1,0.957229
1221,Venezuela,2021-08-31,2,0.95138
1222,Venezuela,2021-09-30,1,0.425416
1223,Venezuela,2021-11-30,1,0.924812
1224,Venezuela,2022-06-30,1,0.842862
1225,Venezuela,2022-10-31,1,0.453502
1226,Venezuela,2022-11-30,2,0.4839725
1227,Venezuela,2022-12-31,2,0.8029855
1228,Venezuela,2023-01-31,1,0.587632
1229,Venezuela,2023-02-28,2,0.7137605
1230,Venezuela,2023-03-31,2,0.19063750000000002
1231,Vietnam,2021-03-31,1,0.793404
1232,Vietnam,2021-04-30,2,0.5975809999999999
1233,Vietnam,2021-09-30,1,0.731128
1234,Vietnam,2021-12-31,1,0.751156
1235,Vietnam,2022-05-31,1,0.966461
1236,Vietnam,2023-03-31,1,0.865001
1237,Yemen,2021-10-31,1,0.773724
1238,Zimbabwe,2015-03-31,1,0.140653
1239,Zimbabwe,2020-04-30,1,0.60391
1240,Zimbabwe,2020-07-31,1,0.55294
1241,Zimbabwe,2023-03-31,7,0.7801514285714285
