,ISO_A3,year,cluster,0,1,2,3,4,5,6,7,8,9,10,11,12,13,14,15,16
0,ALB,2018,2.0,0.20353164,0.051964667,0.04938482,0.05534996,0.017875949,0.031551983,0.043762002,0.054352865,0.028107714,0.065603584,0.04671954,0.017875949,0.03410266,0.08379509,0.017875949,0.08309212,0.115053505
1,ALB,2019,2.0,0.11356246,0.072363764,0.11847337,0.060325675,0.04275954,0.047634374,0.04740054,0.07321383,0.048918962,0.05549753,0.031074785,0.02806753,0.040407646,0.08135906,0.07399918,0.023342604,0.04159913
2,ALB,2020,2.0,0.029335491,0.054327663,0.10416912,0.079271115,0.050988026,0.057555318,0.13695486,0.0849421,0.08016916,0.023523506,0.016731761,0.039461136,0.04378325,0.098379135,0.06672462,0.023376046,0.010307691
3,ALB,2021,2.0,0.0482774,0.05168426,0.07488106,0.03282862,0.07221719,0.05098406,0.10700813,0.08681423,0.099775754,0.04205319,0.052616667,0.043416735,0.037614796,0.06909722,0.035914283,0.04392488,0.050891522
4,ALB,2022,2.0,0.040549893,0.031586178,0.043278933,0.034708142,0.0313709,0.050798945,0.05768918,0.06805449,0.05632072,0.06700277,0.12502709,0.041034594,0.053987272,0.04315865,0.10544384,0.06494268,0.085045725
5,ALB,2023,2.0,0.060098056,0.075028025,0.07306517,0.07532206,0.038637724,0.056705765,0.10337321,0.09790939,0.08877826,0.03521938,0.028688263,0.036309835,0.02351766,0.07419838,0.041537557,0.053248324,0.038362954
6,AUS,2015,2.0,0.054901667,0.04069019,0.08158063,0.033491056,0.022533583,0.101454444,0.12554376,0.06766583,0.008450529,0.030254656,0.11570258,0.03653682,0.03974267,0.043434147,0.109978564,0.06333609,0.024702791
7,AUS,2016,2.0,0.07368475,0.0974658,0.06222064,0.052907135,0.034381483,0.031345293,0.034045342,0.12605993,0.013794478,0.06410437,0.055589557,0.07078097,0.03062892,0.06584266,0.0968407,0.048863307,0.041444644
8,AUS,2017,2.0,0.020844314,0.1241017,0.09086753,0.09089878,0.07014638,0.053751905,0.066273764,0.014237665,0.058584183,0.087635435,0.06591584,0.014237666,0.014237665,0.06401531,0.098946884,0.051067315,0.014237665
9,AUS,2018,2.0,0.072753765,0.065656,0.081488036,0.057939,0.03929108,0.056092627,0.065497905,0.113451645,0.073822774,0.059502084,0.037230294,0.03764553,0.037804555,0.05177771,0.060774185,0.049395394,0.039877422
10,AUS,2019,2.0,0.07508187,0.0645255,0.090713084,0.055342957,0.036929987,0.05816684,0.06406117,0.10871084,0.06390889,0.056324545,0.036767088,0.040628426,0.048096705,0.0548443,0.05863077,0.04354185,0.04372517
11,AUS,2020,2.0,0.07116602,0.08238788,0.083732255,0.04716172,0.042404477,0.05358999,0.071185514,0.087822296,0.06740521,0.059862714,0.0342092,0.038880464,0.046339113,0.05773144,0.06521375,0.043037016,0.047870945
12,AUS,2021,2.0,0.059580524,0.054369655,0.053923614,0.041391883,0.055686787,0.05510658,0.07382865,0.0651758,0.08141442,0.05373862,0.06454798,0.05732751,0.044071693,0.0509604,0.0794834,0.049246978,0.06014552
13,AUS,2022,2.0,0.057292346,0.05020037,0.053455684,0.040148456,0.05465574,0.060575034,0.047207724,0.050877802,0.066152275,0.058750357,0.07263306,0.055970807,0.042056914,0.04648408,0.12154673,0.049695298,0.07229732
14,AUS,2023,2.0,0.062391765,0.057265032,0.05407222,0.040497094,0.047754485,0.067797996,0.056273088,0.06541678,0.0708484,0.059001457,0.047178082,0.055447385,0.041748077,0.049421463,0.11660365,0.052278936,0.05600409
15,AUT,2016,2.0,0.014716711,0.014716713,0.0147167295,0.014716713,0.014716712,0.01471671,0.01471671,0.014716714,0.014716712,0.014716716,0.014716711,0.01471671,0.014716711,0.014716711,0.76453257,0.014716712,0.014716712
16,AUT,2017,2.0,0.019840276,0.019840276,0.037785918,0.01984028,0.029542724,0.019840276,0.15844515,0.027868208,0.032551534,0.050311964,0.3969105,0.032929305,0.026536886,0.037359077,0.01984028,0.035822287,0.034735084
17,AUT,2018,2.0,0.06492093,0.04905988,0.060494274,0.059117578,0.033922806,0.038423173,0.06313646,0.11962967,0.076318145,0.064415224,0.03381115,0.041383088,0.029430354,0.04697674,0.059597973,0.11929384,0.04006871
18,AUT,2019,2.0,0.07056844,0.04166242,0.067369685,0.051592533,0.045393426,0.044674315,0.063440226,0.12540054,0.08059532,0.051422942,0.035695657,0.041840218,0.035715066,0.054187004,0.0658377,0.08105413,0.043550387
19,AUT,2020,2.0,0.061904762,0.1259785,0.07342147,0.04437815,0.03648143,0.046643328,0.060694184,0.06882252,0.075622365,0.06296527,0.03979751,0.04366877,0.0548132,0.054090314,0.052373808,0.05265462,0.045689795
20,AUT,2021,2.0,0.0480229,0.086582296,0.04868672,0.036801144,0.045531128,0.040468745,0.071214415,0.065461814,0.07674653,0.05062453,0.09674926,0.04928034,0.042068183,0.059198838,0.082583696,0.046735708,0.05324375
21,AUT,2022,2.0,0.046213936,0.03699712,0.07639481,0.03856686,0.053106017,0.06486255,0.039830152,0.04305489,0.05484942,0.05882312,0.07278793,0.066184856,0.043051153,0.038919866,0.122917004,0.082541324,0.060898982
22,AUT,2023,2.0,0.05322608,0.03924894,0.049342796,0.051312897,0.03936529,0.06301114,0.046337474,0.072193235,0.06658845,0.06093695,0.047347393,0.05070889,0.04285181,0.04190823,0.1198724,0.0565181,0.09922993
23,BEL,2016,2.0,0.0146603985,0.07441322,0.014660402,0.014660398,0.014660398,0.0146603985,0.22914161,0.014660398,0.014660398,0.14331377,0.014660399,0.014660398,0.1661538,0.1288556,0.096857645,0.014660396,0.014660398
24,BEL,2017,2.0,0.14773542,0.035347443,0.07760021,0.06107439,0.01994591,0.012824277,0.012824277,0.049581002,0.037726276,0.111171484,0.037529074,0.06213808,0.028151006,0.03444942,0.17951818,0.019071696,0.07331186
25,BEL,2018,2.0,0.062169448,0.0423122,0.0964198,0.08055546,0.03615657,0.04765267,0.06323918,0.14065076,0.061158437,0.06811686,0.0345431,0.03339903,0.03375749,0.03971044,0.076396,0.0420236,0.04173895
26,BEL,2019,2.0,0.06717341,0.050210774,0.095644884,0.06929121,0.039620616,0.039599515,0.05525579,0.13529865,0.0711061,0.0529706,0.040636983,0.04122865,0.04288173,0.043167442,0.06963363,0.040000282,0.046279732
27,BEL,2020,2.0,0.0670463,0.051509533,0.09886123,0.0646493,0.043733537,0.048038907,0.06898522,0.09204369,0.074514404,0.0654993,0.03232324,0.04358998,0.04171641,0.058170725,0.058283575,0.04028607,0.050748575
28,BEL,2021,2.0,0.062310252,0.04447117,0.0727567,0.04058022,0.058439106,0.050402638,0.07118213,0.07574551,0.08045649,0.0493901,0.057884417,0.053354673,0.05006346,0.04319667,0.077208795,0.050842103,0.061715573
29,BEL,2022,2.0,0.047680903,0.03486472,0.04888391,0.0416283,0.090911984,0.059688605,0.044546217,0.044290915,0.11521919,0.04848727,0.06201401,0.05641538,0.044326268,0.041398752,0.09981882,0.04715269,0.07267207
30,BEL,2023,2.0,0.06465089,0.03953832,0.052918218,0.04334441,0.04533641,0.07027912,0.054473665,0.06875849,0.062560074,0.06251111,0.049263958,0.0601825,0.04161599,0.039080095,0.13833368,0.043608956,0.06354413
31,BIH,2018,2.0,0.05631128,0.0433167,0.0686683,0.0657282,0.03200799,0.055384155,0.06720523,0.11565229,0.0966844,0.073362365,0.02793629,0.031114275,0.049365636,0.05615902,0.06631007,0.057628457,0.03716535
32,BIH,2019,2.0,0.061769843,0.039938822,0.06750093,0.041014556,0.03741065,0.05659188,0.070336804,0.10538407,0.06351168,0.041830253,0.025661789,0.043054186,0.08134409,0.06715238,0.0560679,0.05453314,0.08689704
33,BIH,2020,2.0,0.057467688,0.05873555,0.058484714,0.059207436,0.06417862,0.05024883,0.07368125,0.09610037,0.10469926,0.047705036,0.053263348,0.036720827,0.05385636,0.044705648,0.05044698,0.04899594,0.041502137
34,BIH,2021,2.0,0.044713758,0.04491309,0.046873156,0.035335343,0.05526396,0.04908969,0.07696116,0.10125393,0.09596714,0.06983316,0.04346336,0.059791554,0.05372674,0.047424983,0.06275523,0.05338477,0.05924898
35,BIH,2022,2.0,0.065498516,0.04329166,0.050714694,0.057769746,0.0479102,0.048227564,0.051510118,0.07850805,0.06929525,0.05605094,0.060791068,0.051617015,0.05271026,0.03806389,0.11351879,0.058218203,0.05630403
36,BIH,2023,2.0,0.059751906,0.048591156,0.045817774,0.042470496,0.05909251,0.043903865,0.07175128,0.065524064,0.090954855,0.056993753,0.07539942,0.039374955,0.061368335,0.039546303,0.06509843,0.06480687,0.06955403
37,BRN,2018,2.0,0.084819205,0.015653959,0.09960505,0.01565396,0.08617868,0.047662582,0.01565396,0.05231982,0.01565396,0.062239148,0.015653962,0.14296068,0.027916089,0.035379317,0.07814295,0.14199387,0.062512815
38,BRN,2019,2.0,0.06220649,0.05927087,0.10038651,0.10854256,0.06753982,0.060396895,0.01602623,0.075731166,0.042755067,0.06583643,0.023008687,0.0572742,0.060034916,0.048430096,0.065514535,0.07151779,0.015527732
39,BRN,2020,2.0,0.10099288,0.076644056,0.074881874,0.106365405,0.027727105,0.034524024,0.085856356,0.05621819,0.07016202,0.06505921,0.011538407,0.038867887,0.026416328,0.055878494,0.07515731,0.060763516,0.032946967
40,BRN,2021,2.0,0.04102005,0.04417419,0.0350021,0.025009936,0.040098455,0.046508055,0.070097,0.048959844,0.18949434,0.035917178,0.04990539,0.06990128,0.085121624,0.048575394,0.066865094,0.022779154,0.08057091
41,BRN,2022,2.0,0.06337396,0.0481751,0.046731837,0.06819624,0.040387064,0.052146647,0.033104762,0.03701356,0.043342635,0.034374304,0.05995142,0.05323261,0.07521763,0.04095263,0.14393795,0.080525845,0.07933582
42,BRN,2023,2.0,0.06776449,0.012209408,0.012209409,0.085104115,0.1470827,0.01220941,0.012209409,0.01220941,0.035331443,0.012209408,0.09255752,0.047084592,0.04553568,0.08627175,0.07095993,0.16582198,0.08322934
43,CAN,2015,2.0,0.1454334,0.06441363,0.0832231,0.041754924,0.016560081,0.0746938,0.054317277,0.016560081,0.09655901,0.19506651,0.016560078,0.01656008,0.016560081,0.047958143,0.05357936,0.03294336,0.027257081
44,CAN,2016,2.0,0.06778846,0.06409247,0.056480817,0.08282561,0.031471588,0.028875109,0.046161324,0.047803726,0.05244953,0.09671577,0.06339745,0.06447317,0.0508895,0.06361829,0.11626335,0.042646036,0.024047796
45,CAN,2017,2.0,0.056284577,0.06653251,0.07433442,0.09635244,0.029751787,0.038689896,0.050561853,0.038045067,0.040823705,0.092903815,0.070541225,0.05654163,0.026358323,0.04564431,0.11328886,0.03968193,0.06366366
46,CAN,2018,2.0,0.07790293,0.057661418,0.08212226,0.06481722,0.042609848,0.049847204,0.05845492,0.09317221,0.06764636,0.05983205,0.04311482,0.051679917,0.03926596,0.053621303,0.077554405,0.04483156,0.035865624
47,CAN,2019,2.0,0.07756777,0.06962536,0.090412125,0.063384704,0.039096076,0.051531296,0.059904903,0.09116542,0.06476325,0.055961248,0.036667224,0.048562694,0.036319923,0.056087397,0.07866252,0.04526374,0.035024323
48,CAN,2020,2.0,0.08217412,0.068181135,0.09996262,0.057601683,0.039178018,0.052954387,0.064417966,0.066434674,0.06346909,0.062002588,0.037658256,0.04852934,0.042575452,0.058095854,0.079039544,0.04172232,0.03600294
49,CAN,2021,2.0,0.051620476,0.0472863,0.05795811,0.03762903,0.047560535,0.054937415,0.06738262,0.05657098,0.069320515,0.06303021,0.079615295,0.06940255,0.0436354,0.048586376,0.084628254,0.070058845,0.050777085
50,CAN,2022,2.0,0.047840428,0.03725121,0.048763506,0.1401298,0.040710874,0.054413192,0.06461469,0.041971415,0.060981147,0.048245154,0.05849761,0.049837306,0.037962325,0.044371463,0.09600321,0.07765709,0.050749585
51,CAN,2023,2.0,0.05393806,0.04423476,0.05624458,0.03769893,0.04472755,0.068319075,0.05278715,0.05387646,0.06877251,0.049089294,0.051770363,0.05491562,0.0395816,0.046176568,0.11358942,0.11307032,0.051207747
52,CHE,2015,2.0,0.0042043794,0.004204379,0.004204381,0.0042043785,0.0042043785,0.004204379,0.004204379,0.20729694,0.3537788,0.004204379,0.004204378,0.0042043785,0.18870683,0.19556053,0.004204378,0.004204378,0.004204378
53,CHE,2016,2.0,0.015468718,0.015468716,0.1997138,0.097410336,0.015468713,0.015468713,0.015468714,0.09892876,0.015468713,0.015468715,0.015468715,0.25731042,0.015468713,0.015468715,0.16101216,0.015468717,0.015468713
54,CHE,2017,2.0,0.0984302,0.055913795,0.06174833,0.027505213,0.042623416,0.01380619,0.041976675,0.08375775,0.045197286,0.05765772,0.16543534,0.03716539,0.027558597,0.03152646,0.1082906,0.051493037,0.049914006
55,CHE,2018,2.0,0.06253986,0.038612884,0.0676095,0.069011785,0.03511459,0.054133214,0.06519165,0.1758168,0.080965474,0.0452326,0.03604023,0.04518707,0.03753208,0.043317735,0.060762484,0.04870346,0.034228597
56,CHE,2019,2.0,0.06390542,0.04207668,0.07715423,0.061709773,0.032934602,0.055455405,0.067741975,0.16379285,0.084767565,0.041884936,0.03462025,0.041309346,0.033220787,0.050456923,0.06269178,0.046408538,0.039868936
57,CHE,2020,2.0,0.06688849,0.045843188,0.08634707,0.048329785,0.03992943,0.04646976,0.07891766,0.12392754,0.07598608,0.044553913,0.050236948,0.046151087,0.039696116,0.050647035,0.061004616,0.050291654,0.04477963
58,CHE,2021,2.0,0.05913987,0.043624524,0.049697973,0.037224285,0.060380515,0.05233505,0.06750228,0.064844914,0.07079811,0.045060474,0.064517595,0.0909353,0.047272377,0.047458593,0.09315868,0.048684992,0.05736447
59,CHE,2022,2.0,0.048932765,0.03832783,0.044836514,0.040618394,0.05917007,0.06318725,0.054805826,0.07320939,0.058894604,0.047601204,0.061332032,0.07872261,0.04301886,0.041343845,0.119943246,0.054901224,0.07115433
60,CHE,2023,2.0,0.046364587,0.038758725,0.05304681,0.04051167,0.04347638,0.047379013,0.07701652,0.09764436,0.08460124,0.048492018,0.04434735,0.053635478,0.044427764,0.041380137,0.11322288,0.0626361,0.063058965
61,CHL,2015,2.0,0.008444501,0.0084445,0.45044878,0.0084445,0.008444504,0.008444501,0.008444502,0.008444502,0.0084445,0.008444501,0.008444507,0.008444505,0.0084445,0.0084445,0.008444507,0.42288366,0.008444502
62,CHL,2018,2.0,0.058243003,0.03376117,0.05908262,0.052370634,0.05415736,0.03601215,0.04637593,0.13036345,0.06639964,0.043482564,0.0653014,0.057547014,0.0423598,0.05158365,0.06487256,0.09014145,0.04794558
63,CHL,2019,2.0,0.06534551,0.052704707,0.08141339,0.04772668,0.047810216,0.042507418,0.067174815,0.08664153,0.05522206,0.050017502,0.05171177,0.07423557,0.046115845,0.050755844,0.061226312,0.081677504,0.037713353
64,CHL,2020,2.0,0.061224557,0.049741786,0.06499423,0.03741513,0.059183545,0.04866871,0.07899701,0.09566263,0.07144591,0.06315277,0.04980887,0.06311403,0.043562964,0.045838263,0.067927174,0.053204145,0.04605827
65,CHL,2021,2.0,0.04829379,0.040847,0.04553622,0.045423687,0.058851518,0.050168414,0.065432996,0.04956979,0.057046726,0.05007896,0.062398583,0.07365006,0.054871503,0.05436833,0.09103966,0.06786543,0.08455734
66,CHL,2022,2.0,0.048810318,0.037765216,0.0430155,0.03280889,0.05776658,0.054417647,0.06102359,0.04461632,0.04836503,0.044299863,0.09215147,0.0764187,0.04563057,0.042469256,0.15564093,0.056630645,0.05816948
67,CHL,2023,2.0,0.114437476,0.015049954,0.01695001,0.09410542,0.02725601,0.025803568,0.03339304,0.054265518,0.03155251,0.015721878,0.025029344,0.029659666,0.033190627,0.018361913,0.40071,0.0317492,0.032763876
68,CHN,2015,2.0,0.029412443,0.029412443,0.029412443,0.029412443,0.029412445,0.029412443,0.02941245,0.029412443,0.029412445,0.029412443,0.029412447,0.029412443,0.029412447,0.029412445,0.5294009,0.029412443,0.029412448
69,CHN,2016,2.0,0.05528754,0.00949965,0.24713309,0.056994602,0.009499649,0.0094996495,0.00949965,0.0094996495,0.0094996495,0.050008338,0.093600005,0.0094996495,0.009499649,0.03624088,0.00949965,0.26571897,0.10951974
70,CHN,2017,2.0,0.01001177,0.010011771,0.15590276,0.010011769,0.17190008,0.010011769,0.010011774,0.01001177,0.010011769,0.010011771,0.20851773,0.010011769,0.2766451,0.010011773,0.010011771,0.0668931,0.010011769
71,CHN,2018,2.0,0.051336877,0.06319192,0.082367696,0.067139566,0.04097338,0.03476969,0.07268293,0.14298995,0.08242397,0.05120633,0.030576041,0.042185802,0.037480224,0.04640926,0.049773254,0.05546591,0.049027175
72,CHN,2019,2.0,0.058143467,0.07487585,0.068251826,0.062129345,0.040868815,0.043201182,0.06759685,0.13190326,0.07432559,0.05577944,0.04952193,0.03511381,0.038430206,0.046676595,0.05857566,0.051329646,0.04327652
73,CHN,2020,2.0,0.0785919,0.06262211,0.06671578,0.060741186,0.031401694,0.0462071,0.08515359,0.12695526,0.06933122,0.04695428,0.041790616,0.043129884,0.040584467,0.04716818,0.04570254,0.047466993,0.05948321
74,CHN,2021,2.0,0.041844532,0.07742986,0.041866213,0.040351763,0.04765352,0.03721902,0.055747166,0.10778659,0.071739614,0.04457342,0.045532297,0.054492585,0.047311686,0.038739517,0.07167036,0.077983744,0.098058105
75,CHN,2022,2.0,0.04780129,0.04939892,0.044224244,0.049507193,0.046837192,0.047987677,0.04966939,0.100264095,0.06239352,0.040383335,0.06867112,0.060786366,0.050429482,0.03805744,0.08352149,0.06525893,0.09480831
76,CHN,2023,2.0,0.054056365,0.040432516,0.044745978,0.053838275,0.04501054,0.040300075,0.0517479,0.108542,0.06434655,0.042546164,0.09109691,0.055944405,0.048582137,0.062643416,0.07773733,0.05489362,0.063535824
77,CRI,2015,2.0,0.4133799,0.014724318,0.014724318,0.36575535,0.014724314,0.014724323,0.014724313,0.014724313,0.014724312,0.014724314,0.014724316,0.014724314,0.014724313,0.014724313,0.014724316,0.014724314,0.014724313
78,CRI,2018,2.0,0.08384625,0.038198147,0.06287743,0.08061377,0.061502494,0.041754708,0.039315205,0.062795445,0.056637738,0.07174384,0.060420047,0.047302127,0.033095926,0.085639715,0.080071725,0.07092857,0.023256859
79,CRI,2019,2.0,0.060421124,0.03901512,0.06809187,0.045966193,0.03984207,0.044077124,0.027363243,0.082645334,0.06159338,0.057409044,0.018080445,0.05347144,0.028803246,0.09055836,0.21032317,0.035104737,0.037234105
80,CRI,2020,2.0,0.04816262,0.044835962,0.08635873,0.047487106,0.032853827,0.044417527,0.058906797,0.07103901,0.0350942,0.059405312,0.04415156,0.045447733,0.034711294,0.17589621,0.08219298,0.04650845,0.042530656
81,CRI,2021,2.0,0.049971554,0.03522979,0.060375586,0.03199537,0.08339027,0.081804544,0.034146436,0.03629368,0.04040423,0.047396697,0.11928341,0.05102446,0.046685886,0.096117154,0.10704832,0.035948157,0.042884443
82,CRI,2022,2.0,0.04615588,0.0575302,0.045477357,0.039930504,0.0697578,0.066773124,0.045676265,0.06887047,0.0775096,0.04818231,0.06747303,0.050822083,0.04752414,0.06363934,0.09228961,0.043302093,0.069086194
83,CRI,2023,2.0,0.047947295,0.042295463,0.038860742,0.038383707,0.052731037,0.070244074,0.059101485,0.062137444,0.083319195,0.049777623,0.042107884,0.053921316,0.042027347,0.08216809,0.12329005,0.033462238,0.07822502
84,CZE,2017,2.0,0.13596033,0.09165843,0.07453681,0.044110887,0.024569567,0.024569567,0.024569567,0.056966487,0.032310773,0.10275225,0.07757622,0.053980388,0.044130333,0.053980786,0.08288861,0.024569567,0.050869435
85,CZE,2018,2.0,0.064567134,0.064876296,0.06980954,0.049968828,0.043741822,0.047871996,0.07630714,0.093102895,0.06661382,0.059146013,0.03726868,0.060685538,0.046172906,0.04361006,0.068810835,0.05098027,0.05646623
86,CZE,2019,2.0,0.066077136,0.0858841,0.058443993,0.056901343,0.042685125,0.050281145,0.083853394,0.09639258,0.07875912,0.05360839,0.03340719,0.03286795,0.042426288,0.047541514,0.06234574,0.05131591,0.05720908
87,CZE,2020,2.0,0.059111964,0.08077234,0.07516546,0.049007673,0.044635937,0.073041126,0.10805533,0.06925695,0.07764269,0.048093695,0.032938886,0.045866817,0.040322646,0.054759514,0.04646399,0.052149486,0.042715497
88,CZE,2021,2.0,0.06445453,0.039078213,0.045984566,0.030839631,0.051399097,0.06700161,0.10161987,0.05701146,0.07432629,0.047243115,0.05889557,0.06793922,0.046927437,0.04798965,0.08670677,0.054837067,0.0577459
89,CZE,2022,2.0,0.024277225,0.025268476,0.06212843,0.0172374,0.035133224,0.024095394,0.22481325,0.022507366,0.02607012,0.02250634,0.026502714,0.031891618,0.021536568,0.020633629,0.057397585,0.02583101,0.33216968
90,CZE,2023,2.0,0.054893892,0.052550144,0.0474391,0.050967406,0.058469832,0.051286224,0.08240557,0.08269668,0.05872734,0.04724268,0.049800754,0.03832032,0.046476558,0.048064616,0.10680362,0.052514527,0.07134074
91,DEU,2015,2.0,0.13931365,0.010068728,0.13966283,0.036580093,0.01006873,0.0100687295,0.010068729,0.2170175,0.010068729,0.092734315,0.010068729,0.10723927,0.010068728,0.166765,0.01006873,0.010068728,0.0100687295
92,DEU,2016,2.0,0.038672026,0.024957635,0.03227461,0.06386843,0.014208455,0.014512569,0.021842226,0.02799012,0.017476117,0.06509363,0.07111318,0.028891416,0.009389093,0.47180554,0.033734106,0.036708392,0.027462464
93,DEU,2017,2.0,0.03679586,0.027882036,0.041806497,0.037497573,0.018238178,0.020179499,0.037775367,0.046557892,0.021901894,0.03963334,0.035097096,0.01475146,0.023356445,0.47572932,0.046763755,0.021089634,0.05494416
94,DEU,2018,2.0,0.07522867,0.04185556,0.062494032,0.06151004,0.035912894,0.046290603,0.062140007,0.14136241,0.08559314,0.048622187,0.06468671,0.03806654,0.03712802,0.047118958,0.059141133,0.045463726,0.04738536
95,DEU,2019,2.0,0.08027614,0.04845483,0.07223789,0.06109978,0.04016492,0.0476243,0.05868709,0.13665481,0.074574806,0.0499391,0.04247826,0.04131797,0.037995666,0.047787007,0.07034609,0.043044385,0.04731697
96,DEU,2020,2.0,0.07055438,0.062411107,0.07709007,0.06263617,0.04368688,0.04572871,0.07262253,0.09921968,0.07864991,0.05506193,0.036799338,0.04723334,0.048048027,0.050685618,0.057183877,0.043903936,0.048484493
97,DEU,2021,2.0,0.055232633,0.047523294,0.06606883,0.04945532,0.049875822,0.051778384,0.067316346,0.06409966,0.072795376,0.0494395,0.08190591,0.05563181,0.052600957,0.051519107,0.08689141,0.045107786,0.052757856
98,DEU,2022,2.0,0.07907454,0.036330067,0.040000536,0.040618844,0.062449902,0.044706672,0.044374052,0.049126983,0.055017088,0.050384015,0.11664781,0.055332944,0.039177176,0.040869277,0.11841376,0.06052293,0.066953406
99,DEU,2023,2.0,0.050165515,0.038748987,0.042126678,0.04872037,0.039903224,0.051903736,0.044306733,0.060281638,0.060455788,0.049004756,0.1707758,0.04675872,0.039163075,0.039963134,0.116447255,0.049495745,0.05177886
100,DNK,2016,2.0,0.054952893,0.013238733,0.013238732,0.013238733,0.013238732,0.013238731,0.013238731,0.12784275,0.062003225,0.0132387355,0.12077504,0.013238731,0.013238731,0.13840286,0.26319513,0.10044081,0.013238733
101,DNK,2017,2.0,0.18415491,0.017531408,0.06790852,0.017531408,0.017531408,0.017531408,0.017531408,0.01753141,0.017531408,0.017531408,0.01753141,0.1099478,0.017531408,0.017531408,0.25284544,0.017531406,0.17476647
102,DNK,2018,2.0,0.061918475,0.0478095,0.0669232,0.051880945,0.041092258,0.04256592,0.07782394,0.124094516,0.098472185,0.045718763,0.032326743,0.05566283,0.03637165,0.04461648,0.08079698,0.05551531,0.036410294
103,DNK,2019,2.0,0.07033879,0.058082335,0.0760304,0.063965656,0.03283263,0.05259763,0.058630772,0.15030524,0.08829414,0.04336234,0.026770793,0.03883351,0.044951957,0.045662697,0.063218586,0.04454227,0.041580245
104,DNK,2020,2.0,0.059703078,0.09284058,0.10664498,0.052097008,0.030836023,0.049453445,0.061952766,0.14388748,0.075068526,0.04387695,0.025137557,0.030849533,0.03266644,0.059625663,0.061810426,0.03770515,0.035844397
105,DNK,2021,2.0,0.052155454,0.0817636,0.060313594,0.03461356,0.04211425,0.049223192,0.059411097,0.062948085,0.07595642,0.054857597,0.07633954,0.058306698,0.05415765,0.04768276,0.08539892,0.04108106,0.063676514
106,DNK,2022,2.0,0.058502425,0.038899098,0.04901004,0.046835646,0.046715032,0.060526088,0.05081135,0.054251503,0.07004309,0.054400597,0.08165442,0.06391028,0.047354136,0.04656229,0.10541396,0.048324283,0.07678576
107,DNK,2023,2.0,0.04567784,0.048230466,0.07461419,0.03669587,0.050900493,0.0537433,0.06578318,0.059721783,0.07452601,0.063039556,0.04937591,0.0983509,0.028793454,0.06397144,0.09387549,0.054966282,0.037733834
108,ESP,2015,2.0,0.024125986,0.056079682,0.079754226,0.06564315,0.10751649,0.12752919,0.024125988,0.16267243,0.024125986,0.024125986,0.024125988,0.10564917,0.024125986,0.024125986,0.024125986,0.024125986,0.07802177
109,ESP,2016,2.0,0.02651147,0.0866261,0.09193479,0.12683506,0.043109998,0.05447749,0.03429989,0.031494252,0.04615928,0.04526442,0.057691522,0.03683853,0.021830117,0.11671684,0.0879384,0.051506903,0.04076494
110,ESP,2017,2.0,0.06352116,0.049439523,0.078966536,0.07924933,0.05633919,0.018058654,0.035148185,0.039578993,0.037744615,0.045863986,0.043803245,0.049023423,0.044675168,0.03774992,0.05001441,0.11419445,0.15662919
111,ESP,2018,2.0,0.07055959,0.052200824,0.062268756,0.0628528,0.03824768,0.06165132,0.055385508,0.10950683,0.06949674,0.045719765,0.05183363,0.035280377,0.051749177,0.049950294,0.059220098,0.07907803,0.044998586
112,ESP,2019,2.0,0.057078455,0.047017053,0.052691933,0.061078217,0.037483178,0.039759424,0.05715863,0.16779095,0.09120295,0.036889307,0.036826003,0.034477822,0.04445658,0.059669666,0.06278694,0.06902624,0.044606645
113,ESP,2020,2.0,0.060593475,0.061337937,0.07520067,0.0538005,0.04242455,0.047789764,0.06386972,0.08821719,0.0737384,0.05635504,0.04037363,0.044621233,0.0456461,0.05131554,0.056116927,0.082666695,0.055932615
114,ESP,2021,2.0,0.046464045,0.04428233,0.0436351,0.039406892,0.057223186,0.04664421,0.0633504,0.06683295,0.07857315,0.046796173,0.06558898,0.052726753,0.04830357,0.095415555,0.080846146,0.057300285,0.066610254
115,ESP,2022,2.0,0.062207967,0.03268563,0.03516235,0.03177681,0.22962937,0.047230892,0.0381832,0.04383523,0.04409565,0.037930366,0.07003417,0.05023958,0.04294059,0.031486727,0.098637186,0.043442063,0.060482208
116,ESP,2023,2.0,0.050500177,0.039687764,0.044847015,0.043079104,0.052361514,0.054007128,0.046049748,0.06633337,0.05460455,0.046766024,0.09185267,0.054309525,0.05048677,0.041709453,0.13235399,0.06177421,0.069276996
117,EST,2016,2.0,0.019523162,0.2924375,0.019523162,0.11804689,0.019523162,0.019523162,0.019523162,0.019523164,0.019523162,0.019523164,0.122293256,0.09616715,0.13677727,0.019523162,0.019523162,0.019523162,0.019523162
118,EST,2018,2.0,0.08358894,0.05958459,0.05497372,0.05926623,0.030573968,0.05414747,0.06273885,0.11676834,0.11634706,0.0513998,0.046020146,0.04376404,0.04680403,0.030536138,0.028517948,0.05918624,0.055782493
119,EST,2019,2.0,0.05183659,0.030520268,0.05843332,0.05284141,0.033408847,0.04451159,0.109262496,0.19051287,0.09328914,0.03571695,0.021800747,0.04372792,0.050964773,0.051141042,0.05017004,0.037003454,0.044858534
120,EST,2020,2.0,0.04822071,0.06561366,0.064452626,0.03701625,0.033951413,0.050065663,0.10247724,0.14956737,0.070496544,0.03887368,0.03772332,0.056915,0.046308983,0.069100834,0.07115443,0.031801578,0.026260708
121,EST,2021,2.0,0.043435473,0.061354518,0.033435654,0.04236153,0.043978143,0.044877727,0.056944083,0.08000243,0.08077392,0.041340012,0.07249174,0.056583323,0.042028513,0.053342193,0.07028893,0.052229676,0.12453215
122,EST,2022,2.0,0.034002088,0.03678846,0.03207514,0.042921722,0.03296898,0.03284362,0.027634082,0.03961008,0.045512307,0.036236916,0.15289403,0.073647425,0.08658542,0.02743138,0.13279873,0.064415574,0.10163404
123,EST,2023,2.0,0.056527514,0.038981307,0.049757205,0.039625164,0.040465485,0.053384006,0.030069932,0.047113918,0.03836687,0.0501803,0.18900472,0.03996608,0.06986415,0.0385908,0.10884637,0.05478262,0.054473575
124,FIN,2016,2.0,0.27447242,0.024512181,0.02451218,0.024512181,0.02451218,0.02451218,0.02451218,0.02451218,0.02451218,0.024512181,0.024512181,0.02451218,0.02451218,0.024512181,0.024512194,0.3578449,0.024512183
125,FIN,2017,2.0,0.0147116985,0.014711704,0.014711698,0.0147117,0.014711699,0.014711705,0.014711707,0.014711706,0.76461273,0.0147117,0.0147117,0.014711702,0.014711698,0.014711698,0.0147117,0.014711697,0.014711698
126,FIN,2018,2.0,0.07580328,0.059206877,0.09207133,0.058182288,0.030791042,0.060730197,0.071517535,0.15323125,0.08025022,0.03557629,0.033310894,0.047022052,0.039817844,0.040565316,0.052499242,0.039777122,0.029647216
127,FIN,2019,2.0,0.08097456,0.053131413,0.10547857,0.060608007,0.027321892,0.047815796,0.06457926,0.14407702,0.064867385,0.046919968,0.04618501,0.04361827,0.03541694,0.048016988,0.057164356,0.04274062,0.031083958
128,FIN,2020,2.0,0.066710345,0.1137574,0.11686765,0.045171265,0.027425662,0.03437987,0.07068968,0.10566512,0.07083749,0.052438833,0.03933979,0.038599145,0.032696597,0.041889194,0.065783866,0.039955463,0.03779263
129,FIN,2021,2.0,0.0479382,0.094041534,0.062277548,0.033720706,0.052178368,0.050394587,0.06601775,0.05465893,0.069396056,0.042496704,0.083247066,0.07312709,0.049123947,0.04627176,0.07694698,0.052330695,0.04583208
130,FIN,2022,2.0,0.061684877,0.052092325,0.059864774,0.047055688,0.048875354,0.061588276,0.04931306,0.047852404,0.068327256,0.06355895,0.080302656,0.0592251,0.048076507,0.049360253,0.09474986,0.047606252,0.0604664
131,FIN,2023,2.0,0.049002662,0.065752305,0.07576038,0.047960564,0.051030867,0.051293734,0.056248292,0.045423117,0.06901236,0.058443885,0.06663337,0.054572325,0.051441897,0.048373383,0.085780255,0.064442724,0.058827884
132,FRA,2015,2.0,0.18239985,0.017908212,0.0356845,0.18089354,0.07345939,0.051786426,0.017908214,0.044151604,0.07345137,0.04590137,0.053437028,0.017908212,0.017908212,0.11869646,0.017908214,0.032689184,0.01790821
133,FRA,2016,2.0,0.1294376,0.051047184,0.08067402,0.06199544,0.017717015,0.079105794,0.04484836,0.13802402,0.03962541,0.017717017,0.15601291,0.017717017,0.017717015,0.017717017,0.08339822,0.02952895,0.017717019
134,FRA,2017,2.0,0.064,0.01932302,0.07459556,0.10922905,0.041287407,0.046766467,0.05342218,0.06519064,0.09846247,0.071184345,0.052130762,0.03951514,0.045989566,0.07781578,0.043219972,0.041321363,0.056546297
135,FRA,2018,2.0,0.06749191,0.047925286,0.08257526,0.061784506,0.042658884,0.050145276,0.07379335,0.12594031,0.06992383,0.052913833,0.04265427,0.038244683,0.04114259,0.045979053,0.0659197,0.041447904,0.04945935
136,FRA,2019,2.0,0.06671712,0.04504484,0.08128471,0.057158254,0.044038538,0.045894355,0.060645517,0.12094926,0.067684546,0.057559002,0.05001756,0.03340935,0.05302453,0.054361194,0.06865945,0.042665128,0.05088666
137,FRA,2020,2.0,0.068624295,0.043033354,0.07902841,0.052030183,0.04473569,0.043551408,0.077587485,0.09288028,0.075161085,0.06211136,0.050979357,0.039569885,0.04590717,0.058506086,0.065753505,0.045347292,0.05519315
138,FRA,2021,2.0,0.051129587,0.041002586,0.054235846,0.047114335,0.055846695,0.0470362,0.06350066,0.07165836,0.070732586,0.048338562,0.0941694,0.047795728,0.05248877,0.04224713,0.10027651,0.047656372,0.064770676
139,FRA,2022,2.0,0.055154774,0.047530424,0.04898781,0.03984679,0.06667088,0.052192673,0.041638006,0.05035194,0.051694795,0.052327264,0.07840521,0.06389954,0.045359585,0.03999956,0.13560288,0.059424065,0.07091379
140,FRA,2023,2.0,0.05296785,0.03815602,0.05666231,0.048287965,0.04978689,0.052866347,0.05196799,0.059557892,0.06198291,0.049618576,0.07908749,0.048442986,0.039240807,0.038185593,0.17080234,0.04619122,0.056194797
141,FRO,2019,2.0,0.114289485,0.009113566,0.10166739,0.0091135455,0.009113545,0.009113544,0.009113545,0.009113545,0.078564286,0.009113548,0.009113546,0.009113546,0.009113545,0.009113546,0.58700275,0.009113545,0.009113544
142,FRO,2022,2.0,0.0122736925,0.012273688,0.27229887,0.01227369,0.012273686,0.012273686,0.11875576,0.012273687,0.012273687,0.13512214,0.012273688,0.31426528,0.012273687,0.012273687,0.012273687,0.012273686,0.012273688
143,GBR,2015,2.0,0.05214286,0.034604933,0.046786252,0.0820074,0.03625908,0.05645124,0.04788494,0.04952681,0.037259787,0.047933985,0.26857606,0.025224945,0.054125756,0.018815005,0.074150495,0.020550203,0.04770026
144,GBR,2016,2.0,0.0690946,0.057398383,0.05482454,0.07020575,0.027270913,0.030556463,0.043339025,0.085714966,0.035850044,0.097855836,0.108384565,0.037049834,0.045855854,0.042726398,0.076890685,0.07404091,0.04294125
145,GBR,2017,2.0,0.082627095,0.060611676,0.08475498,0.093718804,0.02733309,0.037534297,0.061988335,0.07119244,0.029401489,0.08727108,0.05117421,0.02019076,0.050857738,0.024656711,0.10085574,0.076335005,0.03949655
146,GBR,2018,2.0,0.08749084,0.06251549,0.086557135,0.06638384,0.040556587,0.051719468,0.047914974,0.087599635,0.06422384,0.069288306,0.039093006,0.04070476,0.04039551,0.05228632,0.07586836,0.045836512,0.041565422
147,GBR,2019,2.0,0.085057974,0.06421226,0.09526133,0.06539677,0.041918486,0.05173438,0.04834093,0.07925131,0.05959363,0.06763002,0.03738016,0.043587808,0.040915757,0.054309748,0.07716898,0.047186803,0.041053645
148,GBR,2020,2.0,0.0849068,0.06233361,0.09614521,0.063437745,0.040707946,0.04752761,0.056280803,0.07945569,0.07304649,0.0683563,0.035187356,0.04286496,0.046995476,0.053759668,0.064712815,0.044826083,0.039455425
149,GBR,2021,2.0,0.063371465,0.050443012,0.06339758,0.04657129,0.04857816,0.05480874,0.070179306,0.06152558,0.07390564,0.05565988,0.08100467,0.050038334,0.045129485,0.049964804,0.079470016,0.046597574,0.059354458
150,GBR,2022,2.0,0.06338967,0.04479195,0.06059611,0.047098223,0.045992877,0.053962573,0.04343635,0.051056862,0.061582815,0.058598798,0.07357498,0.051298887,0.046045046,0.050439715,0.11267442,0.06026428,0.07519646
151,GBR,2023,2.0,0.06977082,0.051374648,0.070172206,0.052205328,0.046819203,0.054787748,0.047844086,0.061779074,0.07036066,0.058269653,0.058125287,0.046265773,0.04084438,0.052259985,0.08909398,0.061548643,0.06847852
152,GRC,2014,2.0,0.0058941613,0.0058941613,0.00589416,0.18829265,0.0058941604,0.005894161,0.00589416,0.26385182,0.0058941604,0.22899535,0.0058941618,0.0058941627,0.00589416,0.00589416,0.24223608,0.0058941604,0.0058941604
153,GRC,2016,2.0,0.019611627,0.019611625,0.019611629,0.6862139,0.019611625,0.019611629,0.019611629,0.01961163,0.01961164,0.019611625,0.019611625,0.019611627,0.019611629,0.019611625,0.019611625,0.019611625,0.019611627
154,GRC,2018,2.0,0.08332036,0.05458017,0.079421006,0.060923263,0.04293947,0.04195387,0.06320549,0.118114226,0.07551598,0.08276814,0.042493366,0.039258648,0.037611898,0.054520346,0.0444212,0.04129661,0.037655983
155,GRC,2019,2.0,0.07421484,0.065371305,0.07664951,0.04880045,0.042007476,0.045331903,0.052072667,0.103362314,0.054275405,0.07782946,0.054519974,0.03850704,0.048366223,0.060959764,0.066145614,0.051684972,0.03990109
156,GRC,2020,2.0,0.059725963,0.054967564,0.07611233,0.051614176,0.03458315,0.058981586,0.056002766,0.066474564,0.06816843,0.07051926,0.03418867,0.061968952,0.03828439,0.054746367,0.12057707,0.042603694,0.050481055
157,GRC,2021,2.0,0.05498906,0.042206377,0.054639768,0.036180995,0.04994795,0.05038452,0.06189879,0.060533263,0.084142715,0.061511185,0.065062046,0.064497836,0.04674599,0.051799145,0.10572724,0.052100003,0.057633117
158,GRC,2022,2.0,0.053254507,0.04185462,0.045841873,0.04059825,0.0542099,0.06477621,0.04623783,0.044690095,0.06451921,0.059029747,0.0439493,0.06379994,0.035739917,0.04689466,0.17078882,0.061359286,0.062455818
159,GRC,2023,2.0,0.0550234,0.038363703,0.054530744,0.031178607,0.05681297,0.062305216,0.05248054,0.062038947,0.07484418,0.045926504,0.048198428,0.060535844,0.03956533,0.059513073,0.112828545,0.07314468,0.07270929
160,HRV,2017,2.0,0.019613713,0.019613715,0.019613713,0.019613719,0.019613715,0.019613713,0.019613717,0.019613713,0.019613713,0.019613713,0.01961372,0.019613715,0.68618053,0.019613717,0.019613713,0.019613713,0.019613734
161,HRV,2018,2.0,0.14744215,0.020383257,0.05219152,0.10702686,0.04326734,0.037563108,0.07242724,0.05428286,0.020847516,0.1231782,0.085554026,0.023343327,0.06426522,0.030499374,0.056608304,0.022597034,0.038522664
162,HRV,2019,2.0,0.08588257,0.041383017,0.08150706,0.12987435,0.014333648,0.03404206,0.022953268,0.042120375,0.033727936,0.07316094,0.031187,0.072838664,0.08067889,0.08472103,0.0926672,0.052433647,0.026488347
163,HRV,2020,2.0,0.16582474,0.030579401,0.023560427,0.015671939,0.043994017,0.026866458,0.032406315,0.045995854,0.044987656,0.046565622,0.118693404,0.050393477,0.09416123,0.105672784,0.05818212,0.036064927,0.06037963
164,HRV,2021,2.0,0.07921339,0.09406403,0.054440204,0.07926002,0.013763617,0.027570035,0.03151217,0.04572758,0.020862682,0.07003454,0.19556533,0.041164067,0.08023203,0.041523803,0.021173067,0.07441912,0.029474327
165,HRV,2022,2.0,0.101454236,0.03414721,0.14565209,0.022679769,0.014837831,0.023708073,0.031618327,0.022063082,0.045373954,0.04718726,0.031860232,0.06658517,0.13219935,0.028590443,0.046029598,0.14576797,0.060245413
166,HRV,2023,2.0,0.16257098,0.049055986,0.012589085,0.012589085,0.07239785,0.08909045,0.012589085,0.111593224,0.1694013,0.03687755,0.012589085,0.19571091,0.012589087,0.012589085,0.012589085,0.012589085,0.012589085
167,HUN,2018,2.0,0.059776373,0.04279721,0.06245767,0.035613786,0.031200865,0.06189879,0.06789417,0.11575925,0.077768594,0.07519047,0.056105983,0.03278438,0.041328523,0.034566596,0.085961826,0.048125844,0.070769675
168,HUN,2019,2.0,0.06698837,0.051648423,0.048725758,0.042188413,0.03697315,0.04796246,0.056468524,0.08239559,0.07850944,0.076824665,0.03936128,0.032820076,0.08477481,0.041879024,0.052135028,0.081006825,0.07933816
169,HUN,2020,2.0,0.035135224,0.054652054,0.03579076,0.038151518,0.08503428,0.042169638,0.09574817,0.05522521,0.10060911,0.039497197,0.09386709,0.03439753,0.044377264,0.03787908,0.03511388,0.043886162,0.12846583
170,HUN,2021,2.0,0.044787597,0.043394946,0.057444304,0.038359433,0.05494782,0.048486393,0.064742945,0.05624896,0.088937484,0.0584631,0.060909532,0.060025986,0.06445517,0.049499694,0.08110354,0.048902377,0.07929072
171,HUN,2022,2.0,0.029695112,0.028727142,0.028296074,0.03070928,0.087054305,0.03616961,0.031938873,0.031155135,0.041084994,0.036989007,0.3576433,0.032040898,0.03451713,0.029394452,0.07911993,0.0418815,0.043583266
172,HUN,2023,2.0,0.04524756,0.041430812,0.062354073,0.038209736,0.054183673,0.055310883,0.06513389,0.07620004,0.06481043,0.07665067,0.04396741,0.055955898,0.041511264,0.042214975,0.06807579,0.09966022,0.06908268
173,IMN,2017,2.0,0.014718464,0.014718463,0.014718464,0.014718465,0.014718463,0.014718511,0.014718463,0.76450455,0.014718463,0.014718464,0.014718464,0.014718463,0.014718464,0.014718465,0.014718467,0.014718465,0.014718463
174,IMN,2018,2.0,0.038345277,0.067523986,0.047429938,0.10491171,0.018355275,0.022903608,0.038377937,0.11407742,0.095921956,0.1664854,0.035553675,0.014807404,0.045226566,0.028839517,0.10101089,0.021093525,0.039135918
175,IMN,2019,2.0,0.058607295,0.06478056,0.046210296,0.068041936,0.038222242,0.045190487,0.19663385,0.09444422,0.06455675,0.05119846,0.024814209,0.033899926,0.04553291,0.048755106,0.04414557,0.05247397,0.022492206
176,IMN,2020,2.0,0.056645237,0.051398285,0.07598879,0.049104434,0.04594096,0.046207603,0.16225436,0.09122147,0.07469256,0.053344525,0.03449926,0.036854632,0.03562325,0.07272598,0.040024903,0.049213387,0.024260353
177,IMN,2021,2.0,0.0545397,0.049631223,0.06377416,0.04205782,0.056509115,0.08270488,0.089203425,0.066997394,0.10205705,0.06593698,0.02893482,0.048235156,0.05686333,0.060521934,0.050115705,0.033202533,0.048714764
178,IMN,2022,2.0,0.073054664,0.08094074,0.080628276,0.08065979,0.03653195,0.05812001,0.07669851,0.049626492,0.08542501,0.06356706,0.03723355,0.040169235,0.051247556,0.078229636,0.04699143,0.025080621,0.035795465
179,IMN,2023,2.0,0.07549422,0.051111527,0.051399752,0.100527585,0.068816975,0.07735767,0.098815136,0.049361765,0.09344452,0.050876837,0.0503145,0.077638514,0.026288461,0.029412104,0.02739714,0.01623823,0.055505067
180,IRN,2015,2.0,0.01961285,0.01961285,0.6861944,0.01961285,0.01961285,0.01961285,0.01961285,0.01961285,0.01961285,0.019612854,0.019612852,0.019612852,0.01961285,0.019612854,0.01961285,0.01961285,0.01961285
181,IRN,2018,2.0,0.020921385,0.029171597,0.109880045,0.02933378,0.026242716,0.065030344,0.06365677,0.17258509,0.049485672,0.07439025,0.014967062,0.039664883,0.07748127,0.028263427,0.02475321,0.03320562,0.14096688
182,IRN,2019,2.0,0.042784527,0.03559,0.08709378,0.033486318,0.043391507,0.036963623,0.0971955,0.09882425,0.04597396,0.053412437,0.02706043,0.031540558,0.10698605,0.045805234,0.05921097,0.041140758,0.1135401
183,IRN,2020,2.0,0.04404767,0.03467799,0.11134058,0.04163083,0.048540212,0.059716098,0.10611233,0.060355943,0.04299081,0.040669695,0.030964408,0.021574285,0.09721583,0.055831596,0.03032792,0.02251993,0.1514839
184,IRN,2021,2.0,0.032055277,0.03501754,0.05209242,0.032947615,0.050539643,0.03692583,0.041649833,0.06850938,0.08774461,0.03575137,0.056928117,0.062483665,0.056928758,0.04382028,0.089997545,0.08517978,0.13142835
185,IRN,2022,2.0,0.021962581,0.037084583,0.027939165,0.030199407,0.028610574,0.10133838,0.027185189,0.027580146,0.024952522,0.021812022,0.19283181,0.063960634,0.08147491,0.114964545,0.04283923,0.08234413,0.07292017
186,IRN,2023,2.0,0.025514083,0.03911765,0.05246647,0.029905254,0.033865914,0.057196468,0.03019254,0.056042857,0.04986537,0.10523716,0.17815074,0.05276075,0.04829805,0.030030495,0.058504503,0.059412733,0.093438976
187,ISL,2016,2.0,0.016344128,0.016344128,0.23855913,0.016344128,0.016344128,0.016344128,0.016344128,0.016344128,0.016344132,0.01634413,0.016344128,0.26628026,0.26634282,0.016344128,0.016344132,0.016344128,0.016344128
188,ISL,2018,2.0,0.07733152,0.048592195,0.071769066,0.047920447,0.03457313,0.06311902,0.079452254,0.10186747,0.117442526,0.045742165,0.020089252,0.04046496,0.035934135,0.064643726,0.07725526,0.04042402,0.033378858
189,ISL,2019,2.0,0.047923833,0.056614973,0.086329415,0.0548576,0.032919466,0.058477577,0.076667026,0.12274846,0.06596009,0.0572207,0.01651009,0.046563495,0.04337926,0.048837133,0.105726175,0.040417034,0.03884768
190,ISL,2020,2.0,0.103919886,0.059772737,0.06655133,0.03501939,0.04976378,0.07714039,0.07194988,0.047849294,0.032248862,0.06500391,0.048295002,0.04294533,0.04782233,0.051405743,0.11433592,0.03354806,0.052428167
191,ISL,2021,2.0,0.052159205,0.042405147,0.054313388,0.034125566,0.060521744,0.048353516,0.041871484,0.03340409,0.0566398,0.050106753,0.10110064,0.07645001,0.041300792,0.04625492,0.17568292,0.045139913,0.04017011
192,ISL,2022,2.0,0.039718803,0.02855918,0.034643136,0.03237259,0.06175717,0.107680246,0.02454438,0.03400076,0.032745123,0.042680856,0.061293546,0.059440285,0.026046945,0.029938059,0.30160198,0.04575915,0.037217796
193,ISL,2023,2.0,0.06933629,0.028751224,0.041950233,0.027705083,0.05683936,0.03758732,0.03252298,0.07032691,0.07176647,0.03719656,0.04879821,0.06425477,0.08129813,0.020184482,0.24273162,0.041928373,0.026821995
194,ITA,2015,2.0,0.018916063,0.018916063,0.05223261,0.048661344,0.018916061,0.018916063,0.046656743,0.046719015,0.10222204,0.24107201,0.018916063,0.08094755,0.018916061,0.041615695,0.068927765,0.018916063,0.1385328
195,ITA,2016,2.0,0.14888725,0.0156009225,0.015600922,0.051506706,0.015600924,0.015600922,0.06444573,0.0156009225,0.2620259,0.015600922,0.044165406,0.12671022,0.0156009225,0.14624958,0.01560092,0.0156009225,0.015600922
196,ITA,2017,2.0,0.060034268,0.06472533,0.08509561,0.034394175,0.032399856,0.034562014,0.04229776,0.07019625,0.0652325,0.073673986,0.050773073,0.05638831,0.03361126,0.06621544,0.08710085,0.051038034,0.09226126
197,ITA,2018,2.0,0.07749801,0.05076748,0.070285246,0.054893367,0.03815339,0.045708172,0.06907152,0.0940819,0.065312944,0.06211824,0.051093947,0.07502065,0.03985268,0.047628243,0.08062665,0.037664544,0.040223014
198,ITA,2019,2.0,0.08040685,0.051941633,0.07542338,0.05273099,0.03900194,0.048319086,0.062516116,0.09737794,0.05702798,0.056114145,0.052646358,0.07090326,0.035409342,0.0605525,0.07413668,0.04442132,0.04107046
199,ITA,2020,2.0,0.07234872,0.05174917,0.0733434,0.053708848,0.044332076,0.052973304,0.06567398,0.08174621,0.063895576,0.06291138,0.054972365,0.06817901,0.045392502,0.057064787,0.061822534,0.04557889,0.04430724
200,ITA,2021,2.0,0.038399987,0.035350777,0.038018275,0.033183903,0.041587595,0.05736725,0.07126436,0.038303968,0.07426185,0.038606692,0.19995233,0.05420884,0.034185853,0.033195123,0.103809565,0.03727355,0.07103009
201,ITA,2022,2.0,0.03526521,0.029503822,0.03870451,0.04873351,0.04266444,0.067152604,0.052507166,0.03311911,0.047681328,0.03939607,0.1945951,0.053558096,0.03546418,0.035256565,0.11867274,0.06814147,0.059584092
202,ITA,2023,2.0,0.04893479,0.038055204,0.042646907,0.0380166,0.04790841,0.04996592,0.038686886,0.04506363,0.04888765,0.03929818,0.08930874,0.061767373,0.03529231,0.0397828,0.19463602,0.08314286,0.058605704
203,JPN,2016,2.0,0.06644218,0.058733016,0.10223541,0.021200174,0.03449572,0.021200173,0.021200173,0.021200173,0.07379478,0.12567511,0.102977484,0.05712888,0.021200173,0.07753437,0.03736863,0.08437802,0.07323553
204,JPN,2017,2.0,0.097247794,0.015342964,0.19809636,0.058432255,0.015342964,0.015342963,0.08677099,0.04502066,0.086742096,0.08160002,0.09525442,0.10212581,0.015342961,0.015342985,0.041308846,0.015342963,0.015342961
205,JPN,2018,2.0,0.08278124,0.06530818,0.052133154,0.064672984,0.037982184,0.041335426,0.072850615,0.11866963,0.061920762,0.05637456,0.04899448,0.038218882,0.048059955,0.042541914,0.05637122,0.04587572,0.065909065
206,JPN,2019,2.0,0.0844557,0.050998736,0.06066069,0.05365917,0.0484973,0.052378714,0.07466489,0.10904279,0.07215971,0.048716847,0.038770277,0.040114842,0.050279178,0.04696337,0.07763722,0.039042104,0.05195846
207,JPN,2020,2.0,0.089597,0.057738584,0.06713124,0.04317528,0.036113158,0.049901992,0.08637788,0.071422845,0.078892164,0.057298455,0.036246605,0.044875994,0.051049888,0.056260888,0.05159839,0.043804344,0.07851528
208,JPN,2021,2.0,0.054324012,0.04646219,0.04295394,0.035753842,0.054914325,0.056369208,0.053670827,0.051475994,0.06176868,0.047600888,0.08775684,0.062349156,0.050419584,0.045877352,0.09864868,0.06289261,0.086761884
209,JPN,2022,2.0,0.06271807,0.03633165,0.039738283,0.04851004,0.06707084,0.06008223,0.04270578,0.045857657,0.05502256,0.03910349,0.13498968,0.05152611,0.044726342,0.037478406,0.093480214,0.05397773,0.08668092
210,JPN,2023,2.0,0.07205121,0.046785537,0.044115763,0.041474424,0.04844153,0.0754881,0.044908088,0.05734276,0.047631647,0.049043138,0.059318688,0.07011039,0.050371986,0.039305743,0.13932595,0.044106346,0.07017871
211,KAZ,2018,2.0,0.04855808,0.019684728,0.027913557,0.040620636,0.01810756,0.022353599,0.044667445,0.22129296,0.15551467,0.034788664,0.03385015,0.01769381,0.05106626,0.014573199,0.09888162,0.05645414,0.093978934
212,KAZ,2019,2.0,0.036134884,0.05374133,0.08022382,0.059316795,0.016149756,0.018072939,0.08208539,0.14563523,0.04855519,0.04357553,0.031479537,0.069627725,0.15323682,0.025475686,0.03709175,0.026161479,0.07343611
213,KAZ,2020,2.0,0.05426984,0.029549113,0.081569016,0.081580415,0.032983534,0.031952683,0.08232451,0.11293075,0.090142064,0.06460546,0.041491352,0.028629465,0.051868975,0.04882563,0.03526886,0.032983653,0.09902466
214,KAZ,2021,2.0,0.07385931,0.030192578,0.11271278,0.04699565,0.043854855,0.05145968,0.051974904,0.079178534,0.0747922,0.057669338,0.04557267,0.046760168,0.0459549,0.042425428,0.04566294,0.0485423,0.102391765
215,KAZ,2022,2.0,0.039915852,0.03803598,0.08305774,0.027664648,0.0790917,0.040140897,0.03405621,0.03946525,0.08019427,0.059722632,0.07284382,0.070632294,0.03783918,0.034503426,0.14124882,0.07185984,0.049727455
216,KAZ,2023,2.0,0.03779776,0.038880777,0.0394709,0.03541456,0.047876272,0.048536256,0.039816633,0.046431825,0.043783113,0.044462927,0.088063076,0.064015515,0.041496497,0.052931704,0.22970745,0.042712983,0.058601752
217,KOR,2016,2.0,0.40783176,0.1701599,0.01202073,0.012020729,0.012020725,0.012020726,0.012020726,0.012020728,0.012020725,0.012020728,0.012020725,0.19706994,0.012020724,0.012020729,0.012020728,0.06866896,0.012020724
218,KOR,2017,2.0,0.019610653,0.20896068,0.3529237,0.019610658,0.01961065,0.019610649,0.019610649,0.019610655,0.019610647,0.019610653,0.01961065,0.16356651,0.01961065,0.01961065,0.01961065,0.019610649,0.019610649
219,KOR,2018,2.0,0.067575075,0.0396053,0.051576294,0.05894387,0.036705397,0.09066404,0.046867386,0.13498633,0.06327704,0.03844697,0.027270656,0.07927649,0.03805475,0.05122458,0.0584759,0.057239223,0.059810717
220,KOR,2019,2.0,0.0605474,0.050244354,0.05765638,0.057226717,0.04317902,0.045021612,0.06824466,0.12879466,0.085361645,0.047768533,0.027207255,0.073573664,0.041185785,0.05057142,0.06587536,0.05072915,0.04681238
221,KOR,2020,2.0,0.057773888,0.14614463,0.061565295,0.065412134,0.036228288,0.03893932,0.07787249,0.07056517,0.06667239,0.039629195,0.035592735,0.0561601,0.051470023,0.04934521,0.039685857,0.035842016,0.07110123
222,KOR,2021,2.0,0.03387895,0.1343769,0.029412216,0.030936228,0.04246093,0.029135335,0.04642528,0.056607556,0.04664098,0.03893062,0.063392036,0.058329,0.041625567,0.029646056,0.14401075,0.04752796,0.12666361
223,KOR,2022,2.0,0.04035861,0.042454466,0.044641983,0.061132517,0.040558934,0.050748177,0.04021959,0.1098729,0.05396194,0.03506794,0.05515628,0.056217022,0.038891695,0.029906733,0.09904963,0.07005746,0.13170414
224,KOR,2023,2.0,0.041172087,0.048740607,0.03873894,0.0422568,0.03906827,0.05002444,0.04528774,0.07376613,0.056373596,0.03531293,0.08185203,0.06480486,0.057079203,0.044449117,0.0961248,0.06605331,0.11889516
225,LBN,2017,2.0,0.6861096,0.019618127,0.01961814,0.019618185,0.019618122,0.019618126,0.01961828,0.019618133,0.019618131,0.01961816,0.01961817,0.019618126,0.019618144,0.019618131,0.019618137,0.019618124,0.019618152
226,LBN,2018,2.0,0.064962454,0.07144822,0.09579114,0.042132854,0.031904764,0.050982438,0.06376802,0.11011851,0.06607295,0.053386692,0.024449749,0.062416617,0.029507523,0.08050333,0.056483746,0.056519575,0.039551426
227,LBN,2019,2.0,0.06975969,0.07038415,0.076841205,0.054033913,0.049960583,0.06623889,0.064210266,0.13276231,0.06516098,0.060468365,0.03416278,0.048014417,0.031866062,0.04878328,0.05118002,0.03499527,0.04117781
228,LBN,2020,2.0,0.063733675,0.064915,0.09690669,0.03960291,0.037956882,0.06194755,0.0920256,0.08476135,0.09326429,0.046440784,0.031057367,0.038601764,0.041492846,0.0724843,0.045516804,0.031214645,0.058077548
229,LBN,2021,2.0,0.058649503,0.041478176,0.064242706,0.040644392,0.061122786,0.05160595,0.08785296,0.0721123,0.09533628,0.049876664,0.054581553,0.05655422,0.048308928,0.05139534,0.05397786,0.05666343,0.055596955
230,LBN,2022,2.0,0.041390553,0.029771747,0.040065516,0.03428955,0.036570966,0.044158436,0.037782837,0.041693013,0.0638095,0.033459526,0.044038035,0.04501535,0.034029964,0.043033566,0.07471501,0.30423856,0.051937878
231,LBN,2023,2.0,0.08989637,0.03810949,0.05097378,0.03432342,0.034258176,0.0565026,0.06815694,0.09616635,0.076844044,0.031594846,0.043384075,0.05718042,0.04246674,0.049909797,0.08614715,0.06342841,0.08065739
232,LTU,2018,2.0,0.059565466,0.027438221,0.08857093,0.037874382,0.06289479,0.07280571,0.054394178,0.13994516,0.055629954,0.04435225,0.028118722,0.040373128,0.050529364,0.026570199,0.091160566,0.0500956,0.06968137
233,LTU,2019,2.0,0.080478504,0.0981999,0.09169106,0.061027803,0.027722063,0.0287874,0.03950088,0.11600217,0.06681128,0.033571023,0.04167701,0.03480144,0.049330115,0.04657403,0.09132163,0.03663629,0.055867404
234,LTU,2020,2.0,0.04393505,0.034588147,0.06696167,0.03344654,0.03469012,0.051804435,0.09521371,0.13353635,0.048745047,0.06510436,0.04464963,0.039271723,0.05018694,0.052266795,0.043471232,0.080296926,0.08183131
235,LTU,2021,2.0,0.042511377,0.0515517,0.04979062,0.05394823,0.050958596,0.040980116,0.066706546,0.05702684,0.061519314,0.042247005,0.101137854,0.05470012,0.0583353,0.046208426,0.07876929,0.056001227,0.08760745
236,LTU,2022,2.0,0.056024533,0.040675666,0.048556224,0.03786833,0.06970384,0.06037439,0.056410648,0.05967201,0.06318775,0.046967983,0.0684264,0.06016564,0.042079818,0.055939365,0.1145799,0.05687557,0.062491935
237,LTU,2023,2.0,0.05511527,0.022404628,0.088295326,0.011926411,0.04635633,0.067010015,0.03374387,0.026444951,0.08466495,0.064860374,0.08858082,0.09776862,0.14258905,0.017449241,0.054940548,0.030922431,0.06692717
238,LUX,2017,2.0,0.006552728,0.006552728,0.0065527284,0.13143505,0.006552728,0.006552728,0.0065527274,0.006552728,0.006552728,0.0065527293,0.5984247,0.0065527344,0.0065527284,0.17840207,0.0065527293,0.0065527284,0.006552728
239,LUX,2018,2.0,0.051297363,0.04583891,0.07726428,0.053624023,0.047322422,0.046579793,0.08651012,0.1347859,0.062406156,0.03264199,0.04773592,0.020430407,0.08969366,0.080071606,0.05275073,0.02841704,0.042629693
240,LUX,2019,2.0,0.086688675,0.054425176,0.084745824,0.04941599,0.032933705,0.030413259,0.058993533,0.14379694,0.06493587,0.05711803,0.019458447,0.024853462,0.04541864,0.08775993,0.07170668,0.044410653,0.042925198
241,LUX,2020,2.0,0.04274385,0.06276985,0.06775985,0.045889866,0.043655135,0.06953353,0.083564155,0.069248095,0.10732672,0.028572267,0.03779532,0.0583616,0.05710061,0.06504064,0.07327175,0.060028456,0.027338287
242,LUX,2021,2.0,0.029225346,0.050958272,0.027939789,0.03176044,0.06294014,0.04281531,0.07530732,0.07714853,0.056395147,0.045831595,0.04677553,0.06263183,0.14625688,0.027518513,0.06831427,0.036674406,0.11150667
243,LUX,2022,2.0,0.04627487,0.03882062,0.05901635,0.0362204,0.052109577,0.048358414,0.042803083,0.08819714,0.05614606,0.044991586,0.04274869,0.03918791,0.054233212,0.061200865,0.09354938,0.04305591,0.15308593
244,LUX,2023,2.0,0.05864925,0.050865263,0.039419733,0.038832188,0.034686502,0.042834368,0.028565839,0.036692962,0.07307787,0.04156324,0.058231667,0.04623743,0.049634468,0.028531382,0.2395692,0.064395465,0.068213195
245,LVA,2018,2.0,0.057754293,0.03686845,0.05749172,0.042599272,0.046393495,0.04677259,0.098704845,0.12999108,0.10761529,0.10107477,0.025035957,0.05086468,0.04852526,0.024174968,0.07337793,0.021819538,0.030935846
246,LVA,2019,2.0,0.07507445,0.041766033,0.0625756,0.030299863,0.03255449,0.041641813,0.114417374,0.19036523,0.07188336,0.06992608,0.017341016,0.031166121,0.033101846,0.038296107,0.05034252,0.068451926,0.030796176
247,LVA,2020,2.0,0.041566823,0.050253678,0.08469131,0.02319071,0.025395798,0.06360118,0.10132399,0.07503916,0.0659039,0.059019003,0.07939398,0.05058838,0.033168454,0.04836502,0.10483461,0.043561794,0.050102208
248,LVA,2021,2.0,0.037620336,0.031383086,0.03489323,0.036350284,0.07370505,0.05913144,0.10755144,0.038906444,0.12185055,0.040916044,0.09469331,0.06577297,0.04849223,0.03798849,0.050645452,0.061889227,0.058210414
249,LVA,2022,2.0,0.047611594,0.033830497,0.04372898,0.04139917,0.050320096,0.06145643,0.043799505,0.03276385,0.05894249,0.055903416,0.049724054,0.09747966,0.05990391,0.056090288,0.13406932,0.054841287,0.07813547
250,LVA,2023,2.0,0.053906724,0.030955473,0.044614743,0.03489357,0.053648297,0.03477614,0.059293382,0.06254809,0.057123996,0.059544463,0.05458515,0.045537725,0.068531334,0.05105823,0.14133775,0.07558519,0.07205973
251,NCL,2018,2.0,0.008872416,0.17075442,0.11557689,0.1087224,0.008872415,0.008872415,0.11518902,0.027570762,0.05397324,0.021850334,0.0341708,0.008872414,0.008872415,0.07787287,0.10613473,0.08406557,0.03975688
252,NCL,2019,2.0,0.09181684,0.01611531,0.01611532,0.26607025,0.01611531,0.01611531,0.052346796,0.28818,0.01611531,0.016115308,0.016115308,0.07905267,0.0452651,0.01611531,0.01611531,0.01611531,0.016115308
253,NCL,2020,2.0,0.006555751,0.0065557514,0.0065557505,0.0065557505,0.006555753,0.0065557505,0.0065557505,0.5532892,0.0065557538,0.0065557505,0.006555752,0.0065557524,0.006555751,0.16578457,0.03920425,0.1564972,0.0065557514
254,NCL,2021,2.0,0.15142028,0.14549641,0.0771707,0.014628872,0.05634529,0.014628873,0.014628872,0.014628875,0.17079255,0.014628871,0.014628872,0.014628871,0.014628872,0.07119337,0.014628875,0.18129267,0.014628873
255,NCL,2022,2.0,0.010500599,0.044805843,0.05630502,0.012944409,0.28215155,0.017444996,0.26335517,0.01198578,0.012996551,0.0105006015,0.021957664,0.010500599,0.043447178,0.011925691,0.020338178,0.01494867,0.15389152
256,NCL,2023,2.0,0.01545294,0.0687243,0.01365655,0.016304307,0.015378168,0.07087179,0.013656546,0.036331203,0.018386353,0.07463359,0.061763745,0.07933053,0.013656546,0.13325204,0.108672515,0.063940465,0.19598842
257,NLD,2015,2.0,0.018645484,0.018645484,0.018645482,0.26859626,0.018645482,0.018645482,0.018645482,0.018645482,0.018645484,0.018645482,0.22979982,0.18506359,0.018645482,0.07414905,0.018645482,0.018645482,0.018645482
258,NLD,2016,2.0,0.065620504,0.07783286,0.25840798,0.10455177,0.01760674,0.011805159,0.011805159,0.011805159,0.050233196,0.053472217,0.025199533,0.08734165,0.011805158,0.011805166,0.16407333,0.024829287,0.011805158
259,NLD,2017,2.0,0.046177424,0.026516883,0.0903867,0.08206986,0.022184217,0.038683087,0.029596735,0.07332446,0.027369402,0.045085233,0.033926398,0.079162665,0.04226443,0.03292218,0.10626439,0.06957475,0.1544912
260,NLD,2018,2.0,0.06724464,0.041053146,0.07110818,0.052891996,0.036783163,0.04813698,0.06271009,0.17444415,0.09413559,0.05225494,0.03057747,0.035729278,0.035160422,0.045225285,0.056245178,0.045483317,0.050816167
261,NLD,2019,2.0,0.07165149,0.04912749,0.07479712,0.054122392,0.040141027,0.057239957,0.06561229,0.11348853,0.076311745,0.05703578,0.03726469,0.039431687,0.0427612,0.051428214,0.07076667,0.051347114,0.04747259
262,NLD,2020,2.0,0.06767831,0.049620364,0.0834242,0.049091686,0.04799482,0.058884572,0.07374891,0.09105595,0.07818525,0.062098406,0.03426585,0.04351377,0.046500403,0.052703585,0.064228706,0.05201476,0.04499045
263,NLD,2021,2.0,0.066883855,0.039209243,0.07323979,0.038310245,0.064448364,0.048498664,0.06533667,0.059230104,0.07454504,0.050660048,0.07469682,0.057851985,0.0510022,0.045000367,0.07510699,0.047928825,0.0680508
264,NLD,2022,2.0,0.06679595,0.036906004,0.05904741,0.06207413,0.059123587,0.0531316,0.048314966,0.046917986,0.06019513,0.045822743,0.088858925,0.04615924,0.036174748,0.07011194,0.09690904,0.05345152,0.070005074
265,NLD,2023,2.0,0.07974348,0.026968537,0.15813549,0.027735049,0.026640294,0.035220332,0.036512315,0.047129862,0.03831393,0.12789935,0.12817438,0.072028294,0.03041136,0.030582469,0.07173402,0.030257799,0.03251306
266,NOR,2015,2.0,0.13424368,0.0081753265,0.0081753265,0.115927316,0.008175326,0.0081753265,0.0081753265,0.0081753265,0.008175328,0.41968876,0.0081753265,0.0081753265,0.008175326,0.0081753265,0.223861,0.00817533,0.0081753265
267,NOR,2016,2.0,0.012843736,0.13884664,0.10691148,0.012843738,0.01284374,0.06361838,0.09024637,0.012843739,0.1099073,0.012843736,0.012843735,0.012843739,0.13783067,0.0128437355,0.2242018,0.0128437355,0.012843736
268,NOR,2017,2.0,0.24835354,0.02615045,0.02615045,0.02615045,0.02615045,0.02615045,0.02615045,0.02615045,0.02615045,0.026150502,0.02615045,0.19275993,0.02615045,0.02615045,0.19278015,0.02615045,0.02615045
269,NOR,2018,2.0,0.07060058,0.10019674,0.08971889,0.072854444,0.034738578,0.040464092,0.04434306,0.103763655,0.042531703,0.053984698,0.025227156,0.047686845,0.031331435,0.04710517,0.123219445,0.04014608,0.03208742
270,NOR,2019,2.0,0.06205882,0.08459906,0.07783753,0.05373063,0.045008566,0.04664516,0.043811817,0.08055094,0.05630777,0.06263548,0.03657809,0.038334243,0.039206143,0.04728115,0.13899687,0.04227625,0.04414147
271,NOR,2020,2.0,0.06815184,0.06254156,0.13346437,0.046955362,0.03583552,0.047805093,0.04739662,0.070450865,0.05862171,0.06810133,0.031649202,0.046102054,0.03131336,0.0681628,0.10803441,0.03776038,0.037653524
272,NOR,2021,2.0,0.05573521,0.04161599,0.07244587,0.044849217,0.0492807,0.043088403,0.06919337,0.06311654,0.0734691,0.048546337,0.07523437,0.07023686,0.043098904,0.052597683,0.09689304,0.04528389,0.05531449
273,NOR,2022,2.0,0.052449156,0.038479123,0.057370298,0.04178987,0.049330115,0.05699812,0.04714504,0.042822924,0.07190654,0.052713364,0.060616195,0.071461946,0.042780142,0.063777745,0.11154977,0.054987147,0.0838225
274,NOR,2023,2.0,0.04300222,0.0925629,0.062437035,0.04864245,0.047576968,0.081247225,0.05408271,0.05825764,0.074254245,0.036079623,0.035729058,0.057814658,0.02933029,0.045801967,0.109510936,0.04731177,0.07635829
275,NZL,2015,2.0,0.009161974,0.009161973,0.112670556,0.009161975,0.009161974,0.08438,0.4090839,0.009161975,0.009161974,0.009161975,0.009161974,0.009161973,0.009161976,0.009161972,0.08092665,0.009161974,0.20299523
276,NZL,2016,2.0,0.012655683,0.110249184,0.22527619,0.012655681,0.012655683,0.012655681,0.012655681,0.012655685,0.012655681,0.012655683,0.3649245,0.012655683,0.012655681,0.012655681,0.11342232,0.034259636,0.012655681
277,NZL,2017,2.0,0.16811623,0.016824566,0.06783831,0.07370005,0.016824566,0.016824568,0.016824566,0.016824566,0.14172743,0.016824566,0.09163444,0.10525505,0.016824566,0.18348284,0.016824566,0.016824566,0.016824566
278,NZL,2018,2.0,0.08199903,0.075488724,0.095602326,0.056224827,0.03557295,0.053318292,0.051994845,0.102547735,0.06135221,0.059951004,0.044594362,0.046036653,0.029057292,0.06040386,0.06085157,0.0478736,0.037130702
279,NZL,2019,2.0,0.07797267,0.06629996,0.098371685,0.066590674,0.03860714,0.049914602,0.04730385,0.07344755,0.060101848,0.06785592,0.06521184,0.039290864,0.02884216,0.05766797,0.08891998,0.03834828,0.035253007
280,NZL,2020,2.0,0.06361835,0.06479418,0.083606675,0.055027153,0.03961131,0.05184261,0.063074715,0.07248856,0.063777804,0.1262139,0.0653081,0.03904297,0.03159835,0.05939327,0.054404847,0.02958684,0.03661039
281,NZL,2021,2.0,0.062421296,0.04754937,0.051143873,0.03825857,0.060608663,0.05942075,0.06968427,0.056503586,0.07261046,0.054264173,0.07680543,0.06189012,0.04340586,0.04999708,0.09214732,0.043571528,0.059717644
282,NZL,2022,2.0,0.055700153,0.049768787,0.04625036,0.038275596,0.04125045,0.06513084,0.056561787,0.068393804,0.06773307,0.04622804,0.05501753,0.070648745,0.036881734,0.046871807,0.12222298,0.048616,0.0844483
283,NZL,2023,2.0,0.094151504,0.048231922,0.042319804,0.03814319,0.05456381,0.06683009,0.07340427,0.04540754,0.07713194,0.07147739,0.03237092,0.063007824,0.031411573,0.07449551,0.076713175,0.06561916,0.04472036
284,PAN,2016,2.0,0.010728483,0.010728485,0.070885204,0.3008524,0.010728483,0.010728483,0.1131253,0.08206423,0.072865434,0.010728483,0.010728483,0.010728483,0.044649467,0.010728483,0.010728485,0.010728483,0.20827313
285,PAN,2018,2.0,0.030653847,0.05719465,0.08075172,0.080598116,0.020596337,0.043682415,0.03812283,0.16791412,0.08738055,0.04950702,0.03957989,0.043233804,0.04672154,0.038515702,0.049849212,0.07710028,0.048597965
286,PAN,2019,2.0,0.064314745,0.04824351,0.0739286,0.0582357,0.03635196,0.05217954,0.06236323,0.15063655,0.08654855,0.033040162,0.028287195,0.03789944,0.050270624,0.0583893,0.047393356,0.07438438,0.037533157
287,PAN,2020,2.0,0.071745075,0.04837436,0.09574632,0.061798107,0.03473619,0.057876084,0.09190607,0.11049477,0.07445919,0.04224302,0.038135517,0.033529993,0.046964545,0.05673895,0.031751998,0.051648818,0.051851004
288,PAN,2021,2.0,0.055896495,0.04653384,0.046417784,0.037815478,0.053449012,0.061765473,0.06103173,0.08312575,0.093184605,0.044701416,0.053857576,0.054179024,0.06376483,0.053261288,0.061284136,0.06776137,0.061970185
289,PAN,2022,2.0,0.059228636,0.034604676,0.045877635,0.03565114,0.10629371,0.04418521,0.07416836,0.06073752,0.092463434,0.042682912,0.050960515,0.058411993,0.037298124,0.05714404,0.08817088,0.046515472,0.065605745
290,PAN,2023,2.0,0.057452396,0.038921632,0.046445787,0.043360837,0.122651115,0.031211296,0.061332025,0.09993573,0.07272091,0.026983429,0.045964465,0.050394032,0.045064427,0.07809615,0.07952945,0.044790175,0.055146143
291,POL,2015,2.0,0.18147808,0.008410395,0.008410395,0.008410396,0.008410395,0.008410395,0.008410395,0.18687896,0.008410401,0.008410396,0.008410395,0.008410399,0.008410395,0.008410396,0.5138974,0.008410395,0.008410395
292,POL,2016,2.0,0.020004634,0.09575535,0.19446175,0.17999598,0.020004634,0.11997788,0.020004634,0.020004634,0.020004634,0.110906385,0.020004634,0.020004634,0.020004634,0.0788517,0.020004634,0.020004634,0.020004634
293,POL,2017,2.0,0.26157072,0.011589985,0.011590003,0.011589985,0.011589985,0.011589985,0.011589985,0.011589984,0.011589985,0.011589984,0.26158592,0.011589986,0.011589988,0.011589986,0.011589985,0.0796711,0.24650244
294,POL,2018,2.0,0.062323634,0.037574917,0.087203674,0.07348695,0.04664174,0.040638354,0.06163148,0.13966072,0.07103366,0.0580135,0.04342736,0.03385173,0.044782214,0.044471305,0.05365796,0.04242238,0.05917843
295,POL,2019,2.0,0.06010621,0.047184866,0.068407215,0.055938028,0.039773025,0.04262117,0.08033915,0.101032294,0.069181815,0.046323556,0.04961635,0.042609036,0.08212681,0.047789305,0.054150835,0.0391079,0.07369244
296,POL,2020,2.0,0.06530328,0.047549672,0.058037758,0.06926227,0.049662843,0.039416105,0.059733137,0.08550429,0.08048117,0.047532108,0.051972814,0.038592264,0.07023579,0.0460472,0.04791874,0.05364415,0.08910639
297,POL,2021,2.0,0.050610814,0.039955884,0.04899547,0.037603337,0.054493442,0.0423724,0.06295262,0.05880204,0.070351064,0.05085489,0.10315327,0.05820372,0.054859046,0.048722003,0.09032232,0.053027898,0.07471977
298,POL,2022,2.0,0.04660375,0.039644774,0.050722864,0.043933988,0.051014576,0.05143477,0.053833723,0.05459744,0.061718192,0.044456005,0.0656594,0.065150954,0.05673002,0.04363267,0.13136101,0.07688167,0.0626242
299,POL,2023,2.0,0.043562938,0.06374837,0.051897515,0.041944467,0.04575528,0.04563456,0.03948163,0.06482213,0.09076226,0.050178006,0.042445026,0.060201477,0.051329225,0.04387024,0.15700142,0.05381123,0.05355423
300,PRT,2015,2.0,0.013247229,0.01324723,0.10370095,0.013247226,0.013247225,0.013247225,0.013247229,0.013247225,0.21459824,0.013247231,0.013247225,0.013247225,0.013247242,0.49623963,0.013247224,0.013247229,0.013247225
301,PRT,2016,2.0,0.15712257,0.005897138,0.0058971383,0.0058971383,0.0058971383,0.0058971383,0.005897138,0.0058971373,0.0058971383,0.0058971373,0.098811336,0.12507688,0.0058971383,0.116862856,0.15654519,0.0058971383,0.28071266
302,PRT,2017,2.0,0.010976235,0.11016787,0.09976191,0.010976233,0.010976233,0.0109762335,0.010976233,0.07426808,0.010976233,0.010976237,0.010976235,0.0109762335,0.0109762335,0.0109762335,0.29667637,0.28741094,0.010976252
303,PRT,2018,2.0,0.0853407,0.04390092,0.0625657,0.10935948,0.043580137,0.037750404,0.04763649,0.09342135,0.06475359,0.047843285,0.055961847,0.041830752,0.047575835,0.070140235,0.08177506,0.03428715,0.032277055
304,PRT,2019,2.0,0.08617096,0.051037155,0.0690998,0.068039164,0.03927791,0.044788167,0.054648824,0.09116719,0.06888134,0.06288043,0.042866692,0.040441513,0.0522687,0.0679334,0.07425211,0.047803078,0.038443558
305,PRT,2020,2.0,0.07672803,0.056276828,0.077134475,0.0686524,0.043446567,0.04916387,0.08051366,0.08028741,0.079435416,0.055418305,0.0356637,0.044468887,0.040482808,0.0699585,0.061805822,0.038859837,0.041703474
306,PRT,2021,2.0,0.057828173,0.05872613,0.03780447,0.045061298,0.051669408,0.043518726,0.057240177,0.05863803,0.08031505,0.054770786,0.09269027,0.057501405,0.05137456,0.045204002,0.0986833,0.050910886,0.05806332
307,PRT,2022,2.0,0.053724036,0.09471272,0.044027653,0.04724098,0.04648487,0.054625716,0.043143973,0.052950114,0.06499381,0.04788967,0.06481286,0.05211078,0.049696207,0.0491116,0.12563287,0.05275541,0.05608674
308,PRT,2023,2.0,0.060767572,0.04862069,0.06330701,0.044887003,0.043149218,0.06531009,0.047979508,0.056166135,0.08455291,0.053074304,0.052236695,0.052429486,0.047203634,0.04670858,0.116665915,0.06260488,0.054336376
309,RUS,2014,2.0,0.019613463,0.01961346,0.019613458,0.68618464,0.019613458,0.019613462,0.019613458,0.019613458,0.01961346,0.01961346,0.01961346,0.019613467,0.019613458,0.019613458,0.019613463,0.019613463,0.01961346
310,RUS,2015,2.0,0.036721803,0.007701294,0.007701295,0.0077012936,0.12452583,0.0077012954,0.0077012926,0.0077012936,0.007701294,0.0077012954,0.0077012936,0.05750575,0.0077012936,0.007701295,0.57668567,0.007701294,0.112145424
311,RUS,2016,2.0,0.12646721,0.014984727,0.1424755,0.014984727,0.05493009,0.014984727,0.014984726,0.014984727,0.09047048,0.033244435,0.014984727,0.043219317,0.18503709,0.08613085,0.04996613,0.014984727,0.083165824
312,RUS,2017,2.0,0.010623209,0.01062321,0.010623209,0.010623209,0.14214854,0.010623212,0.01062321,0.010623209,0.010623209,0.010623213,0.010623208,0.010623212,0.010623209,0.16806437,0.28839552,0.2632898,0.010623209
313,RUS,2018,2.0,0.036159743,0.031620312,0.042825222,0.042322762,0.025640978,0.033823468,0.048781615,0.15353034,0.23127033,0.042565536,0.022055933,0.027992174,0.04097854,0.04300947,0.05376346,0.059434805,0.06422532
314,RUS,2019,2.0,0.045051128,0.04977415,0.06900171,0.048765723,0.04159971,0.037751164,0.09432174,0.11546915,0.10776471,0.053063862,0.039523304,0.037793074,0.057052378,0.05528586,0.037760746,0.045784272,0.06423729
315,RUS,2020,2.0,0.047544353,0.034158036,0.06635487,0.043206587,0.055412833,0.036890894,0.072571084,0.0940492,0.07892745,0.05121224,0.035399113,0.056197118,0.063525304,0.046209566,0.05302702,0.05328504,0.1120293
316,RUS,2021,2.0,0.039713364,0.03879508,0.03712278,0.036185414,0.06314128,0.03512319,0.044126593,0.05549069,0.04862775,0.042606138,0.10408015,0.059763048,0.06309439,0.093216494,0.095963925,0.056488417,0.086461306
317,RUS,2022,2.0,0.027791709,0.04485669,0.03960652,0.023078937,0.0452908,0.038881578,0.021274984,0.03313026,0.029925434,0.042178188,0.22338259,0.04358491,0.031172084,0.095019974,0.15434283,0.062844045,0.04363848
318,RUS,2023,2.0,0.03916453,0.029050054,0.04623688,0.036562797,0.045193546,0.038245376,0.04100808,0.07321978,0.038738176,0.056136522,0.09152339,0.055966094,0.04545046,0.03639636,0.1597819,0.10617193,0.061154135
319,SLV,2017,2.0,0.02941387,0.029413871,0.02941387,0.02941387,0.02941387,0.02941387,0.02941387,0.029413873,0.02941387,0.029413871,0.029413871,0.02941387,0.02941387,0.27940628,0.02941387,0.27938563,0.029413871
320,SLV,2018,2.0,0.050383218,0.05560486,0.07963887,0.030442216,0.029455153,0.02840192,0.022702703,0.073756374,0.13842599,0.045994334,0.068526976,0.033828966,0.030609306,0.04848517,0.11367139,0.075894155,0.07417841
321,SLV,2019,2.0,0.10606498,0.06914968,0.13985333,0.044202063,0.016753789,0.031007662,0.06343295,0.1654262,0.07018559,0.021299161,0.016753789,0.033293784,0.031565163,0.05478176,0.042605385,0.058944054,0.034680657
322,SLV,2020,2.0,0.03412371,0.03770237,0.14482798,0.029148247,0.039438084,0.051597513,0.034932666,0.054569315,0.05181304,0.1677748,0.037570454,0.064130954,0.06408363,0.04704012,0.053293534,0.055443324,0.032510262
323,SLV,2021,2.0,0.056024365,0.059203967,0.061415583,0.035266522,0.049782246,0.04056938,0.08677421,0.15882705,0.065373324,0.048592407,0.038110137,0.03952361,0.04824646,0.048112508,0.08322168,0.04099763,0.039958913
324,SLV,2022,2.0,0.0401333,0.05719428,0.08351232,0.048432592,0.047516044,0.03946779,0.08848108,0.108515814,0.07598452,0.036802907,0.032927502,0.041075893,0.052718677,0.053979386,0.08066763,0.079247974,0.03334228
325,SLV,2023,2.0,0.065071315,0.061946325,0.07324701,0.0458507,0.07041013,0.04519612,0.07087757,0.12488788,0.06589406,0.052457027,0.022923632,0.045319904,0.026623657,0.055293184,0.071804166,0.06383882,0.038358506
326,SVK,2018,2.0,0.050853547,0.070025556,0.054278117,0.086824186,0.024435144,0.025208086,0.058315855,0.11351734,0.08500234,0.072402515,0.03674328,0.023655314,0.07415381,0.033416294,0.06590653,0.084985934,0.040276147
327,SVK,2019,2.0,0.07878261,0.047535833,0.05598647,0.06270293,0.03596316,0.037195012,0.047342386,0.14630309,0.045022305,0.05102019,0.04064984,0.027211519,0.06959515,0.06938726,0.067536026,0.06310289,0.05466334
328,SVK,2020,2.0,0.0530139,0.0497529,0.059996597,0.047838498,0.035656277,0.050151933,0.060597084,0.15940379,0.09678732,0.052621584,0.04017323,0.044820104,0.050871927,0.06109602,0.05725748,0.040620472,0.039340883
329,SVK,2021,2.0,0.047765918,0.028499853,0.028210444,0.034213644,0.045416094,0.025169207,0.08458244,0.13197333,0.07255371,0.03804285,0.09272175,0.041606694,0.064486146,0.035017494,0.057645302,0.07706873,0.09502638
330,SVK,2022,2.0,0.061636258,0.040476095,0.038079724,0.07720138,0.06694674,0.04369654,0.038258843,0.06285036,0.062047828,0.04428095,0.06318277,0.053924523,0.03454821,0.06411434,0.089295276,0.061500385,0.09795977
331,SVK,2023,2.0,0.047721367,0.042036586,0.07765997,0.038261827,0.06751864,0.04633656,0.033632368,0.060577672,0.04494048,0.048929274,0.13501897,0.040899593,0.040807154,0.048797548,0.13515186,0.04345152,0.048258614
332,SVN,2017,2.0,0.031376924,0.031376924,0.031376924,0.031376928,0.031376924,0.031376924,0.29105455,0.031376924,0.031376924,0.031376924,0.07162924,0.031376924,0.031376928,0.031376924,0.19803925,0.031376928,0.031376924
333,SVN,2018,2.0,0.04408528,0.054686107,0.040283445,0.061060227,0.034444034,0.03387441,0.05118952,0.1926405,0.08307879,0.055095274,0.031158699,0.03332395,0.059237223,0.035734825,0.046741147,0.070757404,0.07260918
334,SVN,2019,2.0,0.059229765,0.04425088,0.06207389,0.051599205,0.034097914,0.044423465,0.056622244,0.15313639,0.07744437,0.06106492,0.032831527,0.03500772,0.06306628,0.04829651,0.069520086,0.061584905,0.04574993
335,SVN,2020,2.0,0.035214297,0.021746067,0.034245443,0.0474029,0.078279085,0.03968722,0.108794324,0.0512902,0.08793297,0.03561408,0.14924815,0.043055724,0.03255565,0.034159116,0.0346615,0.07029947,0.09581379
336,SVN,2021,2.0,0.0514455,0.052751962,0.039444055,0.052983344,0.059638675,0.057373315,0.106545106,0.07140691,0.11295339,0.04810281,0.04351569,0.04252335,0.044266995,0.054257166,0.051753465,0.05712743,0.053910825
337,SVN,2022,2.0,0.05158259,0.0462626,0.043302175,0.04302619,0.054357115,0.052330345,0.052305423,0.06256448,0.076263934,0.0581954,0.08688687,0.061300404,0.037186943,0.05487797,0.104428336,0.059759542,0.055369694
338,SVN,2023,2.0,0.0489054,0.035433017,0.04515282,0.036144555,0.051505715,0.06298726,0.05373594,0.04590537,0.053378813,0.070526846,0.054131303,0.060447507,0.03525375,0.049650963,0.17442076,0.062303998,0.06011599
339,SWE,2016,2.0,0.015948378,0.01594838,0.015948376,0.07616768,0.015948376,0.015948378,0.044776656,0.015948378,0.13167945,0.01594838,0.2106864,0.015948378,0.027319621,0.0825855,0.107307926,0.17594138,0.015948378
340,SWE,2017,2.0,0.18266836,0.088217966,0.14338359,0.018385421,0.018385423,0.09730943,0.018385423,0.018385421,0.018385421,0.018385425,0.018385423,0.018385421,0.10608998,0.018385423,0.1360472,0.06242925,0.018385423
341,SWE,2018,2.0,0.060046922,0.043857045,0.07249496,0.059894808,0.036945004,0.051200137,0.08222333,0.10662339,0.084573194,0.06304316,0.056557883,0.03673671,0.039550263,0.046346303,0.059548136,0.05616433,0.044194408
342,SWE,2019,2.0,0.09004825,0.06099636,0.07792661,0.05324795,0.053291734,0.06947148,0.05559409,0.06400305,0.049607776,0.060195226,0.09287747,0.026766554,0.041901145,0.051091712,0.044541672,0.031791296,0.07664761
343,SWE,2020,2.0,0.050592203,0.063112676,0.06645912,0.051104248,0.10105258,0.05774167,0.04935349,0.055961516,0.039880514,0.06756709,0.10980003,0.026407717,0.03397921,0.07749108,0.038144547,0.026334446,0.08501784
344,SWE,2021,2.0,0.051708724,0.046922196,0.08959474,0.033231575,0.07771908,0.054569855,0.054284107,0.054145154,0.06528226,0.058206405,0.08526229,0.041186538,0.045911018,0.057822492,0.091305636,0.049806282,0.04304166
345,SWE,2022,2.0,0.055871516,0.045959815,0.053436894,0.037048507,0.054584198,0.06392241,0.057134513,0.05831326,0.073895,0.049575154,0.060908206,0.057189465,0.04640427,0.05606607,0.11907244,0.05423434,0.056383938
346,SWE,2023,2.0,0.055604957,0.044395756,0.065056205,0.046519723,0.04572377,0.05472633,0.04796356,0.062564924,0.08196571,0.05074242,0.046731822,0.069861926,0.04617073,0.067788385,0.090670146,0.053482432,0.07003119
347,THA,2015,2.0,0.01645888,0.31106028,0.016458884,0.016458882,0.01645888,0.06849556,0.075487286,0.1644033,0.01645888,0.01645888,0.18304703,0.01645888,0.016458878,0.01645888,0.016458884,0.016458878,0.016458878
348,THA,2016,2.0,0.044483315,0.09518883,0.030811964,0.14851426,0.062065855,0.062064327,0.039339617,0.029662646,0.015192974,0.037236854,0.114906825,0.065073915,0.02500932,0.04313593,0.084953964,0.087166436,0.015192973
349,THA,2017,2.0,0.0637306,0.082178995,0.11150555,0.122382686,0.057297777,0.03119902,0.011801101,0.047841422,0.011801102,0.08678706,0.05068373,0.07626465,0.032824975,0.065500006,0.12459912,0.011801101,0.011801101
350,THA,2018,2.0,0.072145,0.054290608,0.060824674,0.07221689,0.0383361,0.05172099,0.05509084,0.08920568,0.08303282,0.06607333,0.04702308,0.044514276,0.055041846,0.05566009,0.06753254,0.047425784,0.039865438
351,THA,2019,2.0,0.07065024,0.053720813,0.06524531,0.05148223,0.04594223,0.06051715,0.06826144,0.08071928,0.086126536,0.05800602,0.05207156,0.0479159,0.05554538,0.059844177,0.057420447,0.045976546,0.040554754
352,THA,2020,2.0,0.07133402,0.055025704,0.058110386,0.043274295,0.044346735,0.064065516,0.07144676,0.080928214,0.09175648,0.065276176,0.051585898,0.041288003,0.06105404,0.051880855,0.046340212,0.04701423,0.05527246
353,THA,2021,2.0,0.036724687,0.030946927,0.040732812,0.033789348,0.07309659,0.03147616,0.06667531,0.036260456,0.048968513,0.030292507,0.24989948,0.04998258,0.038411744,0.03537108,0.091459565,0.037716098,0.06819615
354,THA,2022,2.0,0.044936776,0.04006903,0.042469352,0.04822628,0.05161528,0.047995966,0.04105858,0.052585084,0.06533116,0.044138283,0.13718793,0.07159889,0.040782787,0.0377505,0.10978902,0.052955013,0.07151006
355,THA,2023,2.0,0.054830745,0.043976165,0.05027782,0.044998027,0.046464734,0.056315906,0.051199276,0.052545432,0.066635706,0.05913431,0.077469274,0.0640841,0.04644628,0.049646683,0.11207922,0.06903491,0.05486141
356,TUR,2015,2.0,0.16827168,0.034416508,0.039740562,0.09160688,0.018274222,0.018274218,0.018274218,0.018274218,0.1651233,0.018274218,0.17825632,0.11825079,0.018274218,0.018274218,0.018274218,0.039866023,0.018274218
357,TUR,2016,2.0,0.10579009,0.20947659,0.0930053,0.092544556,0.23441692,0.022063877,0.022063877,0.02206388,0.022063877,0.022063877,0.02206388,0.02206388,0.022063877,0.02206388,0.022063881,0.022063877,0.022063877
358,TUR,2017,2.0,0.21436286,0.0867787,0.09870877,0.0334884,0.01569408,0.015694078,0.09127608,0.01569408,0.015694078,0.01569408,0.053688154,0.015694078,0.09902698,0.052548293,0.0712373,0.051743243,0.052976727
359,TUR,2018,2.0,0.07401037,0.051321678,0.042856608,0.0488932,0.069709964,0.038012695,0.060568236,0.11359139,0.06277931,0.05594204,0.05049047,0.041848734,0.05232623,0.048478086,0.045795135,0.07618912,0.06718673
360,TUR,2019,2.0,0.066095054,0.043025337,0.05327859,0.061392687,0.03974735,0.036609925,0.05303432,0.09181894,0.054319438,0.04110239,0.048116483,0.07732751,0.08614982,0.040657762,0.050949987,0.08984247,0.06653193
361,TUR,2020,2.0,0.045930214,0.050028328,0.057169747,0.093713194,0.044802547,0.041879702,0.06730078,0.062527105,0.050666433,0.040012892,0.063415155,0.08115939,0.045616854,0.041350946,0.04480809,0.07073216,0.09888646
362,TUR,2021,2.0,0.03887957,0.04491875,0.035466217,0.04299695,0.060691386,0.042689517,0.062158816,0.050306536,0.066515535,0.04484363,0.064574644,0.0678255,0.06433084,0.05603288,0.054403313,0.098294295,0.10507161
363,TUR,2022,2.0,0.038201153,0.025003638,0.03402756,0.04614851,0.10232516,0.039500106,0.039643593,0.031522706,0.045403235,0.040863376,0.22269598,0.06772477,0.031675477,0.030920178,0.08903354,0.06279512,0.05251592
364,TUR,2023,2.0,0.057345536,0.02865937,0.04440571,0.034875695,0.050192557,0.033990756,0.04340679,0.060580675,0.06195912,0.03556722,0.17686428,0.04937329,0.05126377,0.033653025,0.06986967,0.07038485,0.09760769
365,USA,2014,2.0,0.07920281,0.08065448,0.12361858,0.03235224,0.19007263,0.007256629,0.007256628,0.081686236,0.05956833,0.03940526,0.1712082,0.007256629,0.0072566275,0.043833796,0.0072566294,0.05485766,0.0072566285
366,USA,2015,2.0,0.06801791,0.07533192,0.07943279,0.064063445,0.047996018,0.038715705,0.051702395,0.050360866,0.049498186,0.09061838,0.08881291,0.04460084,0.040690124,0.05352079,0.052781947,0.06769922,0.036156565
367,USA,2016,2.0,0.058354266,0.05273233,0.07110615,0.053118628,0.031069709,0.030364769,0.030433116,0.062431365,0.035135992,0.1200921,0.15941064,0.037891503,0.023055514,0.054872878,0.06579112,0.08469261,0.029447302
368,USA,2017,2.0,0.058380403,0.048718214,0.06522063,0.05222948,0.027545666,0.025157716,0.031561293,0.054876223,0.03583521,0.11722542,0.16754085,0.038452152,0.025530776,0.04609014,0.070132956,0.08692243,0.04858043
369,USA,2018,2.0,0.08285393,0.060080927,0.08423122,0.053728275,0.039171707,0.052558254,0.06136542,0.08517449,0.066874966,0.065742925,0.05387846,0.044569492,0.036006447,0.056833223,0.07192796,0.048995633,0.03600666
370,USA,2019,2.0,0.08598526,0.06383343,0.08997271,0.0516223,0.041896775,0.05563535,0.06583198,0.077860475,0.06929976,0.06104698,0.04140131,0.049107816,0.03850683,0.05836881,0.070608124,0.04192306,0.03709903
371,USA,2020,2.0,0.07292061,0.061414268,0.09549718,0.04508714,0.04418588,0.05850895,0.07686092,0.06758519,0.07347584,0.062416583,0.03900179,0.051940482,0.04283146,0.06366061,0.06521768,0.04123396,0.038161445
372,USA,2021,2.0,0.060182385,0.04867535,0.054239426,0.038128834,0.059087288,0.055001676,0.080573335,0.058053482,0.08608914,0.053756244,0.05646176,0.065950066,0.053173512,0.05036419,0.08011322,0.049633916,0.05051617
373,USA,2022,2.0,0.060512327,0.045441985,0.053481583,0.041621305,0.047340278,0.06302151,0.0526883,0.04993591,0.06835328,0.05372181,0.07171762,0.060113173,0.042978507,0.04858453,0.11486386,0.059868976,0.06575505
374,USA,2023,2.0,0.061468203,0.0485106,0.05895411,0.04070603,0.04619513,0.06797607,0.054711293,0.057794195,0.07267939,0.055216037,0.050839048,0.061677366,0.0413934,0.053833794,0.1156819,0.05925381,0.053109627
375,VEN,2016,2.0,0.11053356,0.11574015,0.08586025,0.103498735,0.06430256,0.09836656,0.0148926135,0.014892616,0.014892614,0.014892614,0.10046907,0.057043802,0.014892615,0.0957412,0.014892613,0.014892613,0.064195804
376,VEN,2017,2.0,0.022060703,0.022060707,0.022060703,0.022060703,0.022060705,0.022060705,0.022060713,0.39703295,0.022060705,0.022060705,0.022060707,0.022060713,0.022060703,0.022060705,0.2720565,0.02206071,0.022060705
377,VEN,2018,2.0,0.071637765,0.048665147,0.06726901,0.04617593,0.04482358,0.05548672,0.07676505,0.10302859,0.0699881,0.06153527,0.036915347,0.045509305,0.06734035,0.06294728,0.03106713,0.077826574,0.033018842
378,VEN,2019,2.0,0.047197554,0.04852328,0.06086982,0.036872894,0.056861177,0.048539706,0.087858714,0.1751135,0.058650743,0.049013942,0.036279604,0.03845984,0.04466139,0.04299306,0.049536694,0.065061994,0.053506084
379,VEN,2020,2.0,0.036682058,0.04448417,0.044225533,0.029925818,0.04310718,0.07641487,0.0896298,0.12811047,0.06675108,0.035327107,0.057146266,0.029341983,0.06978687,0.029096555,0.053586878,0.047203507,0.11917986
380,VEN,2021,2.0,0.034820355,0.054350853,0.037018232,0.044778198,0.116435915,0.04471284,0.044761166,0.06267127,0.06010829,0.0576096,0.042311892,0.07011161,0.047721595,0.036667082,0.056832235,0.09146717,0.097621694
381,VEN,2022,2.0,0.043948613,0.04287802,0.037960388,0.06060546,0.117650926,0.057153612,0.03274851,0.048756287,0.04235931,0.04281244,0.06377818,0.04866603,0.06327178,0.035041902,0.07527939,0.09214119,0.09494798
382,VEN,2023,2.0,0.03579896,0.037281673,0.03215582,0.036683153,0.051160607,0.2337403,0.045884185,0.050952308,0.039054945,0.041019924,0.03922133,0.0441335,0.05505313,0.039341148,0.07918973,0.05685916,0.082470134
